source,receiver,distance_km,receiver_latitude,receiver_longitude,path
1D.4529,1D.4528,0.344828,46.143200,-122.326202,/mnt/data_hdd/MSH_ANT/stack/2014/1D_WANG_PWS_150s_20260620/STACK/1D.4528/1D.4529/stack_pws.h5
1D.4529,1D.4527,0.805096,46.144901,-122.320602,/mnt/data_hdd/MSH_ANT/stack/2014/1D_WANG_PWS_150s_20260620/STACK/1D.4527/1D.4529/stack_pws.h5
1D.4529,1D.4526,1.153333,46.146599,-122.316803,/mnt/data_hdd/MSH_ANT/stack/2014/1D_WANG_PWS_150s_20260620/STACK/1D.4526/1D.4529/stack_pws.h5
1D.4529,1D.4525,1.521058,46.148399,-122.312798,/mnt/data_hdd/MSH_ANT/stack/2014/1D_WANG_PWS_150s_20260620/STACK/1D.4525/1D.4529/stack_pws.h5
1D.4529,1D.4524,1.929399,46.150002,-122.307999,/mnt/data_hdd/MSH_ANT/stack/2014/1D_WANG_PWS_150s_20260620/STACK/1D.4524/1D.4529/stack_pws.h5
1D.4529,1D.4523,2.212634,46.149101,-122.303200,/mnt/data_hdd/MSH_ANT/stack/2014/1D_WANG_PWS_150s_20260620/STACK/1D.4523/1D.4529/stack_pws.h5
1D.4529,1D.4522,2.519874,46.147202,-122.297997,/mnt/data_hdd/MSH_ANT/stack/2014/1D_WANG_PWS_150s_20260620/STACK/1D.4522/1D.4529/stack_pws.h5
1D.4529,1D.4521,2.840701,46.147499,-122.293800,/mnt/data_hdd/MSH_ANT/stack/2014/1D_WANG_PWS_150s_20260620/STACK/1D.4521/1D.4529/stack_pws.h5
1D.4529,1D.4520,3.157988,46.146301,-122.289200,/mnt/data_hdd/MSH_ANT/stack/2014/1D_WANG_PWS_150s_20260620/STACK/1D.4520/1D.4529/stack_pws.h5
1D.4529,1D.4411,3.586632,46.146500,-122.283600,/mnt/data_hdd/MSH_ANT/stack/2014/1D_WANG_PWS_150s_20260620/STACK/1D.4411/1D.4529/stack_pws.h5
1D.4529,1D.4412,3.855357,46.146198,-122.279999,/mnt/data_hdd/MSH_ANT/stack/2014/1D_WANG_PWS_150s_20260620/STACK/1D.4412/1D.4529/stack_pws.h5
1D.4529,1D.4410,4.208859,46.147701,-122.275703,/mnt/data_hdd/MSH_ANT/stack/2014/1D_WANG_PWS_150s_20260620/STACK/1D.4410/1D.4529/stack_pws.h5
1D.4529,1D.4414,4.216759,46.151600,-122.276901,/mnt/data_hdd/MSH_ANT/stack/2014/1D_WANG_PWS_150s_20260620/STACK/1D.4414/1D.4529/stack_pws.h5
1D.4529,1D.4409,4.408515,46.145302,-122.272598,/mnt/data_hdd/MSH_ANT/stack/2014/1D_WANG_PWS_150s_20260620/STACK/1D.4409/1D.4529/stack_pws.h5
1D.4529,1D.4415,4.460698,46.153000,-122.274200,/mnt/data_hdd/MSH_ANT/stack/2014/1D_WANG_PWS_150s_20260620/STACK/1D.4415/1D.4529/stack_pws.h5
1D.4529,1D.4419,4.540930,46.150398,-122.272102,/mnt/data_hdd/MSH_ANT/stack/2014/1D_WANG_PWS_150s_20260620/STACK/1D.4419/1D.4529/stack_pws.h5
1D.4529,1D.4408,4.556052,46.143902,-122.270500,/mnt/data_hdd/MSH_ANT/stack/2014/1D_WANG_PWS_150s_20260620/STACK/1D.4408/1D.4529/stack_pws.h5
1D.4529,1D.4416,4.695259,46.154499,-122.271698,/mnt/data_hdd/MSH_ANT/stack/2014/1D_WANG_PWS_150s_20260620/STACK/1D.4416/1D.4529/stack_pws.h5
1D.4529,1D.4417,4.698630,46.155399,-122.272102,/mnt/data_hdd/MSH_ANT/stack/2014/1D_WANG_PWS_150s_20260620/STACK/1D.4417/1D.4529/stack_pws.h5
1D.4529,1D.4420,4.770882,46.153000,-122.269997,/mnt/data_hdd/MSH_ANT/stack/2014/1D_WANG_PWS_150s_20260620/STACK/1D.4420/1D.4529/stack_pws.h5
1D.4529,1D.4407,4.809204,46.142200,-122.267097,/mnt/data_hdd/MSH_ANT/stack/2014/1D_WANG_PWS_150s_20260620/STACK/1D.4407/1D.4529/stack_pws.h5
1D.4529,1D.4421,4.957328,46.155102,-122.268402,/mnt/data_hdd/MSH_ANT/stack/2014/1D_WANG_PWS_150s_20260620/STACK/1D.4421/1D.4529/stack_pws.h5
1D.4529,1D.4406,5.139165,46.141800,-122.262802,/mnt/data_hdd/MSH_ANT/stack/2014/1D_WANG_PWS_150s_20260620/STACK/1D.4406/1D.4529/stack_pws.h5
1D.4529,1D.4422,5.169036,46.157299,-122.266602,/mnt/data_hdd/MSH_ANT/stack/2014/1D_WANG_PWS_150s_20260620/STACK/1D.4422/1D.4529/stack_pws.h5
1D.4529,1D.4423,5.340164,46.159401,-122.265404,/mnt/data_hdd/MSH_ANT/stack/2014/1D_WANG_PWS_150s_20260620/STACK/1D.4423/1D.4529/stack_pws.h5
1D.4529,1D.4405,5.477781,46.140999,-122.258400,/mnt/data_hdd/MSH_ANT/stack/2014/1D_WANG_PWS_150s_20260620/STACK/1D.4405/1D.4529/stack_pws.h5
1D.4529,1D.4404,5.778976,46.141998,-122.254501,/mnt/data_hdd/MSH_ANT/stack/2014/1D_WANG_PWS_150s_20260620/STACK/1D.4404/1D.4529/stack_pws.h5
1D.4529,1D.4403,6.070932,46.141399,-122.250702,/mnt/data_hdd/MSH_ANT/stack/2014/1D_WANG_PWS_150s_20260620/STACK/1D.4403/1D.4529/stack_pws.h5
1D.4529,1D.4402,6.357253,46.142300,-122.247002,/mnt/data_hdd/MSH_ANT/stack/2014/1D_WANG_PWS_150s_20260620/STACK/1D.4402/1D.4529/stack_pws.h5
1D.4529,1D.4401,6.628323,46.142799,-122.243500,/mnt/data_hdd/MSH_ANT/stack/2014/1D_WANG_PWS_150s_20260620/STACK/1D.4401/1D.4529/stack_pws.h5
1D.4529,1D.4244,6.685034,46.158199,-122.246300,/mnt/data_hdd/MSH_ANT/stack/2014/1D_WANG_PWS_150s_20260620/STACK/1D.4244/1D.4529/stack_pws.h5
1D.4529,1D.4243,6.748779,46.155800,-122.244499,/mnt/data_hdd/MSH_ANT/stack/2014/1D_WANG_PWS_150s_20260620/STACK/1D.4243/1D.4529/stack_pws.h5
1D.4529,1D.4242,6.833603,46.154099,-122.242798,/mnt/data_hdd/MSH_ANT/stack/2014/1D_WANG_PWS_150s_20260620/STACK/1D.4242/1D.4529/stack_pws.h5
1D.4529,1D.4241,6.852865,46.152199,-122.241997,/mnt/data_hdd/MSH_ANT/stack/2014/1D_WANG_PWS_150s_20260620/STACK/1D.4241/1D.4529/stack_pws.h5
1D.4529,1D.4400,6.963555,46.143799,-122.239197,/mnt/data_hdd/MSH_ANT/stack/2014/1D_WANG_PWS_150s_20260620/STACK/1D.4400/1D.4529/stack_pws.h5
1D.4529,1D.4240,7.013146,46.150600,-122.239502,/mnt/data_hdd/MSH_ANT/stack/2014/1D_WANG_PWS_150s_20260620/STACK/1D.4240/1D.4529/stack_pws.h5
1D.4529,1D.4239,7.224873,46.150501,-122.236702,/mnt/data_hdd/MSH_ANT/stack/2014/1D_WANG_PWS_150s_20260620/STACK/1D.4239/1D.4529/stack_pws.h5
1D.4529,1D.4237,7.229106,46.146599,-122.236000,/mnt/data_hdd/MSH_ANT/stack/2014/1D_WANG_PWS_150s_20260620/STACK/1D.4237/1D.4529/stack_pws.h5
1D.4529,1D.4236,7.234747,46.148499,-122.236198,/mnt/data_hdd/MSH_ANT/stack/2014/1D_WANG_PWS_150s_20260620/STACK/1D.4236/1D.4529/stack_pws.h5
1D.4529,1D.4238,7.287976,46.144100,-122.235001,/mnt/data_hdd/MSH_ANT/stack/2014/1D_WANG_PWS_150s_20260620/STACK/1D.4238/1D.4529/stack_pws.h5
1D.4529,1D.4235,7.293330,46.150002,-122.235703,/mnt/data_hdd/MSH_ANT/stack/2014/1D_WANG_PWS_150s_20260620/STACK/1D.4235/1D.4529/stack_pws.h5
1D.4529,1D.4234,7.426411,46.150700,-122.234100,/mnt/data_hdd/MSH_ANT/stack/2014/1D_WANG_PWS_150s_20260620/STACK/1D.4234/1D.4529/stack_pws.h5
1D.4529,1D.4233,7.463523,46.152000,-122.233902,/mnt/data_hdd/MSH_ANT/stack/2014/1D_WANG_PWS_150s_20260620/STACK/1D.4233/1D.4529/stack_pws.h5
1D.4529,1D.4232,7.514890,46.153099,-122.233498,/mnt/data_hdd/MSH_ANT/stack/2014/1D_WANG_PWS_150s_20260620/STACK/1D.4232/1D.4529/stack_pws.h5
1D.4529,1D.4231,7.592536,46.154999,-122.233002,/mnt/data_hdd/MSH_ANT/stack/2014/1D_WANG_PWS_150s_20260620/STACK/1D.4231/1D.4529/stack_pws.h5
1D.4529,1D.4399,7.661998,46.148998,-122.230698,/mnt/data_hdd/MSH_ANT/stack/2014/1D_WANG_PWS_150s_20260620/STACK/1D.4399/1D.4529/stack_pws.h5
1D.4529,1D.4230,7.688349,46.156502,-122.232201,/mnt/data_hdd/MSH_ANT/stack/2014/1D_WANG_PWS_150s_20260620/STACK/1D.4230/1D.4529/stack_pws.h5
1D.4529,1D.4397,7.708821,46.143501,-122.229500,/mnt/data_hdd/MSH_ANT/stack/2014/1D_WANG_PWS_150s_20260620/STACK/1D.4397/1D.4529/stack_pws.h5
1D.4529,1D.4229,7.877065,46.158298,-122.230301,/mnt/data_hdd/MSH_ANT/stack/2014/1D_WANG_PWS_150s_20260620/STACK/1D.4229/1D.4529/stack_pws.h5
1D.4529,1D.4396,8.066807,46.141800,-122.224800,/mnt/data_hdd/MSH_ANT/stack/2014/1D_WANG_PWS_150s_20260620/STACK/1D.4396/1D.4529/stack_pws.h5
1D.4529,1D.4395,8.314828,46.139500,-122.221603,/mnt/data_hdd/MSH_ANT/stack/2014/1D_WANG_PWS_150s_20260620/STACK/1D.4395/1D.4529/stack_pws.h5
1D.4529,1D.4180,9.018843,46.138500,-122.212502,/mnt/data_hdd/MSH_ANT/stack/2014/1D_WANG_PWS_150s_20260620/STACK/1D.4180/1D.4529/stack_pws.h5
1D.4529,1D.4179,9.216545,46.139400,-122.209900,/mnt/data_hdd/MSH_ANT/stack/2014/1D_WANG_PWS_150s_20260620/STACK/1D.4179/1D.4529/stack_pws.h5
1D.4529,1D.4178,9.268933,46.140400,-122.209198,/mnt/data_hdd/MSH_ANT/stack/2014/1D_WANG_PWS_150s_20260620/STACK/1D.4178/1D.4529/stack_pws.h5
1D.4529,1D.4182,9.438705,46.139999,-122.207001,/mnt/data_hdd/MSH_ANT/stack/2014/1D_WANG_PWS_150s_20260620/STACK/1D.4182/1D.4529/stack_pws.h5
1D.4529,1D.4177,9.469025,46.141300,-122.206596,/mnt/data_hdd/MSH_ANT/stack/2014/1D_WANG_PWS_150s_20260620/STACK/1D.4177/1D.4529/stack_pws.h5
1D.4529,1D.4176,9.649090,46.143398,-122.204300,/mnt/data_hdd/MSH_ANT/stack/2014/1D_WANG_PWS_150s_20260620/STACK/1D.4176/1D.4529/stack_pws.h5
1D.4529,1D.4183,9.677528,46.139900,-122.203903,/mnt/data_hdd/MSH_ANT/stack/2014/1D_WANG_PWS_150s_20260620/STACK/1D.4183/1D.4529/stack_pws.h5
1D.4529,1D.4175,9.911766,46.143600,-122.200897,/mnt/data_hdd/MSH_ANT/stack/2014/1D_WANG_PWS_150s_20260620/STACK/1D.4175/1D.4529/stack_pws.h5
1D.4529,1D.4184,9.924524,46.139801,-122.200699,/mnt/data_hdd/MSH_ANT/stack/2014/1D_WANG_PWS_150s_20260620/STACK/1D.4184/1D.4529/stack_pws.h5
1D.4529,1D.4185,10.109669,46.139500,-122.198303,/mnt/data_hdd/MSH_ANT/stack/2014/1D_WANG_PWS_150s_20260620/STACK/1D.4185/1D.4529/stack_pws.h5
1D.4529,1D.4174,10.167960,46.144299,-122.197601,/mnt/data_hdd/MSH_ANT/stack/2014/1D_WANG_PWS_150s_20260620/STACK/1D.4174/1D.4529/stack_pws.h5
1D.4529,1D.4207,10.219538,46.138802,-122.196899,/mnt/data_hdd/MSH_ANT/stack/2014/1D_WANG_PWS_150s_20260620/STACK/1D.4207/1D.4529/stack_pws.h5
1D.4529,1D.4186,10.294231,46.139801,-122.195900,/mnt/data_hdd/MSH_ANT/stack/2014/1D_WANG_PWS_150s_20260620/STACK/1D.4186/1D.4529/stack_pws.h5
1D.4529,1D.4200,10.305026,46.138500,-122.195801,/mnt/data_hdd/MSH_ANT/stack/2014/1D_WANG_PWS_150s_20260620/STACK/1D.4200/1D.4529/stack_pws.h5
1D.4529,1D.4173,10.342079,46.145302,-122.195396,/mnt/data_hdd/MSH_ANT/stack/2014/1D_WANG_PWS_150s_20260620/STACK/1D.4173/1D.4529/stack_pws.h5
1D.4529,1D.4187,10.364775,46.139198,-122.195000,/mnt/data_hdd/MSH_ANT/stack/2014/1D_WANG_PWS_150s_20260620/STACK/1D.4187/1D.4529/stack_pws.h5
1D.4529,1D.4172,10.538422,46.147301,-122.193001,/mnt/data_hdd/MSH_ANT/stack/2014/1D_WANG_PWS_150s_20260620/STACK/1D.4172/1D.4529/stack_pws.h5
1D.4529,1D.4171,10.610998,46.145302,-122.191902,/mnt/data_hdd/MSH_ANT/stack/2014/1D_WANG_PWS_150s_20260620/STACK/1D.4171/1D.4529/stack_pws.h5
1D.4529,1D.4156,10.677397,46.157398,-122.192902,/mnt/data_hdd/MSH_ANT/stack/2014/1D_WANG_PWS_150s_20260620/STACK/1D.4156/1D.4529/stack_pws.h5
1D.4529,1D.4170,10.790163,46.143799,-122.189499,/mnt/data_hdd/MSH_ANT/stack/2014/1D_WANG_PWS_150s_20260620/STACK/1D.4170/1D.4529/stack_pws.h5
1D.4529,1D.4157,10.910538,46.156399,-122.189598,/mnt/data_hdd/MSH_ANT/stack/2014/1D_WANG_PWS_150s_20260620/STACK/1D.4157/1D.4529/stack_pws.h5
1D.4529,1D.4169,11.049885,46.142799,-122.186096,/mnt/data_hdd/MSH_ANT/stack/2014/1D_WANG_PWS_150s_20260620/STACK/1D.4169/1D.4529/stack_pws.h5
1D.4529,1D.4158,11.122384,46.155399,-122.186600,/mnt/data_hdd/MSH_ANT/stack/2014/1D_WANG_PWS_150s_20260620/STACK/1D.4158/1D.4529/stack_pws.h5
1D.4529,1D.4162,11.123184,46.148399,-122.185501,/mnt/data_hdd/MSH_ANT/stack/2014/1D_WANG_PWS_150s_20260620/STACK/1D.4162/1D.4529/stack_pws.h5
1D.4529,1D.4161,11.127884,46.149799,-122.185600,/mnt/data_hdd/MSH_ANT/stack/2014/1D_WANG_PWS_150s_20260620/STACK/1D.4161/1D.4529/stack_pws.h5
1D.4529,1D.4159,11.183254,46.153301,-122.185402,/mnt/data_hdd/MSH_ANT/stack/2014/1D_WANG_PWS_150s_20260620/STACK/1D.4159/1D.4529/stack_pws.h5
1D.4529,1D.4160,11.190760,46.151402,-122.184998,/mnt/data_hdd/MSH_ANT/stack/2014/1D_WANG_PWS_150s_20260620/STACK/1D.4160/1D.4529/stack_pws.h5
1D.4529,1D.4163,11.204561,46.146900,-122.184303,/mnt/data_hdd/MSH_ANT/stack/2014/1D_WANG_PWS_150s_20260620/STACK/1D.4163/1D.4529/stack_pws.h5
1D.4529,1D.4008,11.996242,46.158901,-122.175903,/mnt/data_hdd/MSH_ANT/stack/2014/1D_WANG_PWS_150s_20260620/STACK/1D.4008/1D.4529/stack_pws.h5
1D.4529,1D.4328,12.182027,46.139500,-122.171402,/mnt/data_hdd/MSH_ANT/stack/2014/1D_WANG_PWS_150s_20260620/STACK/1D.4328/1D.4529/stack_pws.h5
1D.4529,1D.4009,12.196077,46.158600,-122.173203,/mnt/data_hdd/MSH_ANT/stack/2014/1D_WANG_PWS_150s_20260620/STACK/1D.4009/1D.4529/stack_pws.h5
1D.4529,1D.4330,12.210554,46.144798,-122.171097,/mnt/data_hdd/MSH_ANT/stack/2014/1D_WANG_PWS_150s_20260620/STACK/1D.4330/1D.4529/stack_pws.h5
1D.4529,1D.4329,12.250374,46.142200,-122.170502,/mnt/data_hdd/MSH_ANT/stack/2014/1D_WANG_PWS_150s_20260620/STACK/1D.4329/1D.4529/stack_pws.h5
1D.4529,1D.4314,12.265299,46.140800,-122.170303,/mnt/data_hdd/MSH_ANT/stack/2014/1D_WANG_PWS_150s_20260620/STACK/1D.4314/1D.4529/stack_pws.h5
1D.4529,1D.4316,12.320866,46.148201,-122.169899,/mnt/data_hdd/MSH_ANT/stack/2014/1D_WANG_PWS_150s_20260620/STACK/1D.4316/1D.4529/stack_pws.h5
1D.4529,1D.4331,12.326151,46.146599,-122.169701,/mnt/data_hdd/MSH_ANT/stack/2014/1D_WANG_PWS_150s_20260620/STACK/1D.4331/1D.4529/stack_pws.h5
1D.4529,1D.4335,12.367662,46.155499,-122.170303,/mnt/data_hdd/MSH_ANT/stack/2014/1D_WANG_PWS_150s_20260620/STACK/1D.4335/1D.4529/stack_pws.h5
1D.4529,1D.4332,12.373916,46.149101,-122.169296,/mnt/data_hdd/MSH_ANT/stack/2014/1D_WANG_PWS_150s_20260620/STACK/1D.4332/1D.4529/stack_pws.h5
1D.4529,1D.4010,12.383059,46.157501,-122.170502,/mnt/data_hdd/MSH_ANT/stack/2014/1D_WANG_PWS_150s_20260620/STACK/1D.4010/1D.4529/stack_pws.h5
1D.4529,1D.4333,12.407826,46.151199,-122.169098,/mnt/data_hdd/MSH_ANT/stack/2014/1D_WANG_PWS_150s_20260620/STACK/1D.4333/1D.4529/stack_pws.h5
1D.4529,1D.4334,12.415758,46.153301,-122.169296,/mnt/data_hdd/MSH_ANT/stack/2014/1D_WANG_PWS_150s_20260620/STACK/1D.4334/1D.4529/stack_pws.h5
1D.4529,1D.4315,12.450219,46.145100,-122.167999,/mnt/data_hdd/MSH_ANT/stack/2014/1D_WANG_PWS_150s_20260620/STACK/1D.4315/1D.4529/stack_pws.h5
1D.4529,1D.4012,12.863432,46.157501,-122.164200,/mnt/data_hdd/MSH_ANT/stack/2014/1D_WANG_PWS_150s_20260620/STACK/1D.4012/1D.4529/stack_pws.h5
1D.4529,1D.4013,12.996241,46.156700,-122.162300,/mnt/data_hdd/MSH_ANT/stack/2014/1D_WANG_PWS_150s_20260620/STACK/1D.4013/1D.4529/stack_pws.h5
1D.4529,1D.4014,13.042742,46.155102,-122.161400,/mnt/data_hdd/MSH_ANT/stack/2014/1D_WANG_PWS_150s_20260620/STACK/1D.4014/1D.4529/stack_pws.h5
1D.4529,1D.4015,13.262541,46.153702,-122.158302,/mnt/data_hdd/MSH_ANT/stack/2014/1D_WANG_PWS_150s_20260620/STACK/1D.4015/1D.4529/stack_pws.h5
1D.4529,1D.4289,13.334504,46.147999,-122.156700,/mnt/data_hdd/MSH_ANT/stack/2014/1D_WANG_PWS_150s_20260620/STACK/1D.4289/1D.4529/stack_pws.h5
1D.4529,1D.4290,13.526123,46.150101,-122.154404,/mnt/data_hdd/MSH_ANT/stack/2014/1D_WANG_PWS_150s_20260620/STACK/1D.4290/1D.4529/stack_pws.h5
1D.4529,1D.4016,13.575449,46.154900,-122.154404,/mnt/data_hdd/MSH_ANT/stack/2014/1D_WANG_PWS_150s_20260620/STACK/1D.4016/1D.4529/stack_pws.h5
1D.4529,1D.4288,13.581041,46.148102,-122.153503,/mnt/data_hdd/MSH_ANT/stack/2014/1D_WANG_PWS_150s_20260620/STACK/1D.4288/1D.4529/stack_pws.h5
1D.4529,1D.4017,13.721716,46.156700,-122.152802,/mnt/data_hdd/MSH_ANT/stack/2014/1D_WANG_PWS_150s_20260620/STACK/1D.4017/1D.4529/stack_pws.h5
1D.4529,1D.4291,13.729562,46.152199,-122.152000,/mnt/data_hdd/MSH_ANT/stack/2014/1D_WANG_PWS_150s_20260620/STACK/1D.4291/1D.4529/stack_pws.h5
1D.4529,1D.4287,13.749562,46.149101,-122.151398,/mnt/data_hdd/MSH_ANT/stack/2014/1D_WANG_PWS_150s_20260620/STACK/1D.4287/1D.4529/stack_pws.h5
1D.4529,1D.4018,13.852394,46.158798,-122.151497,/mnt/data_hdd/MSH_ANT/stack/2014/1D_WANG_PWS_150s_20260620/STACK/1D.4018/1D.4529/stack_pws.h5
1D.4529,1D.4292,13.854033,46.153801,-122.150597,/mnt/data_hdd/MSH_ANT/stack/2014/1D_WANG_PWS_150s_20260620/STACK/1D.4292/1D.4529/stack_pws.h5
1D.4529,1D.4286,13.906850,46.149601,-122.149399,/mnt/data_hdd/MSH_ANT/stack/2014/1D_WANG_PWS_150s_20260620/STACK/1D.4286/1D.4529/stack_pws.h5
1D.4529,1D.4293,14.001502,46.155899,-122.149002,/mnt/data_hdd/MSH_ANT/stack/2014/1D_WANG_PWS_150s_20260620/STACK/1D.4293/1D.4529/stack_pws.h5
1D.4529,1D.4285,14.102593,46.148998,-122.146797,/mnt/data_hdd/MSH_ANT/stack/2014/1D_WANG_PWS_150s_20260620/STACK/1D.4285/1D.4529/stack_pws.h5
1D.4529,1D.4284,14.136052,46.146900,-122.146202,/mnt/data_hdd/MSH_ANT/stack/2014/1D_WANG_PWS_150s_20260620/STACK/1D.4284/1D.4529/stack_pws.h5
1D.4529,1D.4297,14.194682,46.151001,-122.145798,/mnt/data_hdd/MSH_ANT/stack/2014/1D_WANG_PWS_150s_20260620/STACK/1D.4297/1D.4529/stack_pws.h5
1D.4529,1D.4282,14.210533,46.144199,-122.145103,/mnt/data_hdd/MSH_ANT/stack/2014/1D_WANG_PWS_150s_20260620/STACK/1D.4282/1D.4529/stack_pws.h5
1D.4529,1D.4294,14.235791,46.157398,-122.146202,/mnt/data_hdd/MSH_ANT/stack/2014/1D_WANG_PWS_150s_20260620/STACK/1D.4294/1D.4529/stack_pws.h5
1D.4529,1D.4283,14.279506,46.146301,-122.144302,/mnt/data_hdd/MSH_ANT/stack/2014/1D_WANG_PWS_150s_20260620/STACK/1D.4283/1D.4529/stack_pws.h5
1D.4529,1D.4281,14.315754,46.139801,-122.143700,/mnt/data_hdd/MSH_ANT/stack/2014/1D_WANG_PWS_150s_20260620/STACK/1D.4281/1D.4529/stack_pws.h5
1D.4529,1D.4280,14.399824,46.142101,-122.142601,/mnt/data_hdd/MSH_ANT/stack/2014/1D_WANG_PWS_150s_20260620/STACK/1D.4280/1D.4529/stack_pws.h5
1D.4529,1D.4295,14.430555,46.157101,-122.143600,/mnt/data_hdd/MSH_ANT/stack/2014/1D_WANG_PWS_150s_20260620/STACK/1D.4295/1D.4529/stack_pws.h5
1D.4529,1D.4298,14.468278,46.151600,-122.142303,/mnt/data_hdd/MSH_ANT/stack/2014/1D_WANG_PWS_150s_20260620/STACK/1D.4298/1D.4529/stack_pws.h5
1D.4529,1D.4296,14.640491,46.156200,-122.140701,/mnt/data_hdd/MSH_ANT/stack/2014/1D_WANG_PWS_150s_20260620/STACK/1D.4296/1D.4529/stack_pws.h5
1D.4529,1D.4279,14.693959,46.143299,-122.138802,/mnt/data_hdd/MSH_ANT/stack/2014/1D_WANG_PWS_150s_20260620/STACK/1D.4279/1D.4529/stack_pws.h5
1D.4529,1D.4299,14.742232,46.151299,-122.138702,/mnt/data_hdd/MSH_ANT/stack/2014/1D_WANG_PWS_150s_20260620/STACK/1D.4299/1D.4529/stack_pws.h5
1D.4529,1D.4320,14.804780,46.155201,-122.138397,/mnt/data_hdd/MSH_ANT/stack/2014/1D_WANG_PWS_150s_20260620/STACK/1D.4320/1D.4529/stack_pws.h5
1D.4529,1D.4300,14.849743,46.150299,-122.137199,/mnt/data_hdd/MSH_ANT/stack/2014/1D_WANG_PWS_150s_20260620/STACK/1D.4300/1D.4529/stack_pws.h5
1D.4529,1D.4301,14.959572,46.149502,-122.135696,/mnt/data_hdd/MSH_ANT/stack/2014/1D_WANG_PWS_150s_20260620/STACK/1D.4301/1D.4529/stack_pws.h5
1D.4529,1D.4319,14.962288,46.153500,-122.136101,/mnt/data_hdd/MSH_ANT/stack/2014/1D_WANG_PWS_150s_20260620/STACK/1D.4319/1D.4529/stack_pws.h5
1D.4529,1D.4278,14.965339,46.144100,-122.135300,/mnt/data_hdd/MSH_ANT/stack/2014/1D_WANG_PWS_150s_20260620/STACK/1D.4278/1D.4529/stack_pws.h5
1D.4529,1D.4312,15.014073,46.152500,-122.135300,/mnt/data_hdd/MSH_ANT/stack/2014/1D_WANG_PWS_150s_20260620/STACK/1D.4312/1D.4529/stack_pws.h5
1D.4529,1D.4311,15.023063,46.151798,-122.135101,/mnt/data_hdd/MSH_ANT/stack/2014/1D_WANG_PWS_150s_20260620/STACK/1D.4311/1D.4529/stack_pws.h5
1D.4529,1D.4310,15.055857,46.151100,-122.134598,/mnt/data_hdd/MSH_ANT/stack/2014/1D_WANG_PWS_150s_20260620/STACK/1D.4310/1D.4529/stack_pws.h5
1D.4529,1D.4302,15.064908,46.149200,-122.134300,/mnt/data_hdd/MSH_ANT/stack/2014/1D_WANG_PWS_150s_20260620/STACK/1D.4302/1D.4529/stack_pws.h5
1D.4529,1D.4309,15.126513,46.150299,-122.133598,/mnt/data_hdd/MSH_ANT/stack/2014/1D_WANG_PWS_150s_20260620/STACK/1D.4309/1D.4529/stack_pws.h5
1D.4529,1D.4303,15.141096,46.149101,-122.133301,/mnt/data_hdd/MSH_ANT/stack/2014/1D_WANG_PWS_150s_20260620/STACK/1D.4303/1D.4529/stack_pws.h5
1D.4529,1D.4308,15.159028,46.149502,-122.133102,/mnt/data_hdd/MSH_ANT/stack/2014/1D_WANG_PWS_150s_20260620/STACK/1D.4308/1D.4529/stack_pws.h5
1D.4529,1D.4304,15.200819,46.148800,-122.132500,/mnt/data_hdd/MSH_ANT/stack/2014/1D_WANG_PWS_150s_20260620/STACK/1D.4304/1D.4529/stack_pws.h5
1D.4529,1D.4305,15.243136,46.148102,-122.131897,/mnt/data_hdd/MSH_ANT/stack/2014/1D_WANG_PWS_150s_20260620/STACK/1D.4305/1D.4529/stack_pws.h5
1D.4529,1D.4277,15.260127,46.144901,-122.131500,/mnt/data_hdd/MSH_ANT/stack/2014/1D_WANG_PWS_150s_20260620/STACK/1D.4277/1D.4529/stack_pws.h5
1D.4529,1D.4306,15.277619,46.147400,-122.131401,/mnt/data_hdd/MSH_ANT/stack/2014/1D_WANG_PWS_150s_20260620/STACK/1D.4306/1D.4529/stack_pws.h5
1D.4529,1D.4307,15.313512,46.146801,-122.130898,/mnt/data_hdd/MSH_ANT/stack/2014/1D_WANG_PWS_150s_20260620/STACK/1D.4307/1D.4529/stack_pws.h5
1D.4529,1D.4276,15.571300,46.145901,-122.127502,/mnt/data_hdd/MSH_ANT/stack/2014/1D_WANG_PWS_150s_20260620/STACK/1D.4276/1D.4529/stack_pws.h5
1D.4529,1D.4497,15.671221,46.140400,-122.126099,/mnt/data_hdd/MSH_ANT/stack/2014/1D_WANG_PWS_150s_20260620/STACK/1D.4497/1D.4529/stack_pws.h5
1D.4529,1D.4275,15.929111,46.144600,-122.122803,/mnt/data_hdd/MSH_ANT/stack/2014/1D_WANG_PWS_150s_20260620/STACK/1D.4275/1D.4529/stack_pws.h5
1D.4529,1D.4274,16.102617,46.142101,-122.120499,/mnt/data_hdd/MSH_ANT/stack/2014/1D_WANG_PWS_150s_20260620/STACK/1D.4274/1D.4529/stack_pws.h5
1D.4529,1D.4472,16.444975,46.144299,-122.116096,/mnt/data_hdd/MSH_ANT/stack/2014/1D_WANG_PWS_150s_20260620/STACK/1D.4472/1D.4529/stack_pws.h5
1D.4529,1D.4473,16.722771,46.146999,-122.112602,/mnt/data_hdd/MSH_ANT/stack/2014/1D_WANG_PWS_150s_20260620/STACK/1D.4473/1D.4529/stack_pws.h5
1D.4529,1D.4474,16.973265,46.149300,-122.109497,/mnt/data_hdd/MSH_ANT/stack/2014/1D_WANG_PWS_150s_20260620/STACK/1D.4474/1D.4529/stack_pws.h5
1D.4529,1D.4475,17.183634,46.151001,-122.106903,/mnt/data_hdd/MSH_ANT/stack/2014/1D_WANG_PWS_150s_20260620/STACK/1D.4475/1D.4529/stack_pws.h5
1D.4529,1D.4476,17.323707,46.153198,-122.105301,/mnt/data_hdd/MSH_ANT/stack/2014/1D_WANG_PWS_150s_20260620/STACK/1D.4476/1D.4529/stack_pws.h5
1D.4529,1D.4477,17.541743,46.155201,-122.102699,/mnt/data_hdd/MSH_ANT/stack/2014/1D_WANG_PWS_150s_20260620/STACK/1D.4477/1D.4529/stack_pws.h5
1D.4529,1D.4478,17.687668,46.157398,-122.101097,/mnt/data_hdd/MSH_ANT/stack/2014/1D_WANG_PWS_150s_20260620/STACK/1D.4478/1D.4529/stack_pws.h5
1D.4529,1D.4484,17.693172,46.153301,-122.100502,/mnt/data_hdd/MSH_ANT/stack/2014/1D_WANG_PWS_150s_20260620/STACK/1D.4484/1D.4529/stack_pws.h5
1D.4529,1D.4485,17.816281,46.151299,-122.098701,/mnt/data_hdd/MSH_ANT/stack/2014/1D_WANG_PWS_150s_20260620/STACK/1D.4485/1D.4529/stack_pws.h5
1D.4529,1D.4486,17.909636,46.148899,-122.097298,/mnt/data_hdd/MSH_ANT/stack/2014/1D_WANG_PWS_150s_20260620/STACK/1D.4486/1D.4529/stack_pws.h5
1D.4529,1D.4479,17.969216,46.158600,-122.097603,/mnt/data_hdd/MSH_ANT/stack/2014/1D_WANG_PWS_150s_20260620/STACK/1D.4479/1D.4529/stack_pws.h5
1D.4529,1D.4487,18.036406,46.146099,-122.095497,/mnt/data_hdd/MSH_ANT/stack/2014/1D_WANG_PWS_150s_20260620/STACK/1D.4487/1D.4529/stack_pws.h5
1D.4529,1D.4499,18.148402,46.157501,-122.095100,/mnt/data_hdd/MSH_ANT/stack/2014/1D_WANG_PWS_150s_20260620/STACK/1D.4499/1D.4529/stack_pws.h5
1D.4529,1D.4488,18.184543,46.143700,-122.093498,/mnt/data_hdd/MSH_ANT/stack/2014/1D_WANG_PWS_150s_20260620/STACK/1D.4488/1D.4529/stack_pws.h5
1D.4529,1D.4489,18.351925,46.141399,-122.091301,/mnt/data_hdd/MSH_ANT/stack/2014/1D_WANG_PWS_150s_20260620/STACK/1D.4489/1D.4529/stack_pws.h5
1D.4529,1D.4500,18.369236,46.155899,-122.092003,/mnt/data_hdd/MSH_ANT/stack/2014/1D_WANG_PWS_150s_20260620/STACK/1D.4500/1D.4529/stack_pws.h5
1D.4529,1D.4490,18.492381,46.139099,-122.089500,/mnt/data_hdd/MSH_ANT/stack/2014/1D_WANG_PWS_150s_20260620/STACK/1D.4490/1D.4529/stack_pws.h5
1D.4529,1D.4501,18.619152,46.153801,-122.088501,/mnt/data_hdd/MSH_ANT/stack/2014/1D_WANG_PWS_150s_20260620/STACK/1D.4501/1D.4529/stack_pws.h5
1D.4529,1D.4502,18.905081,46.152000,-122.084602,/mnt/data_hdd/MSH_ANT/stack/2014/1D_WANG_PWS_150s_20260620/STACK/1D.4502/1D.4529/stack_pws.h5
1D.4529,1D.4530,19.103483,46.156399,-122.082497,/mnt/data_hdd/MSH_ANT/stack/2014/1D_WANG_PWS_150s_20260620/STACK/1D.4529/1D.4530/stack_pws.h5
1D.4529,1D.4503,19.112805,46.149502,-122.081703,/mnt/data_hdd/MSH_ANT/stack/2014/1D_WANG_PWS_150s_20260620/STACK/1D.4503/1D.4529/stack_pws.h5
1D.4529,1D.4504,19.204348,46.147598,-122.080399,/mnt/data_hdd/MSH_ANT/stack/2014/1D_WANG_PWS_150s_20260620/STACK/1D.4504/1D.4529/stack_pws.h5
1D.4529,1D.4505,19.266236,46.145302,-122.079498,/mnt/data_hdd/MSH_ANT/stack/2014/1D_WANG_PWS_150s_20260620/STACK/1D.4505/1D.4529/stack_pws.h5
1D.4529,1D.4531,19.329612,46.158298,-122.079803,/mnt/data_hdd/MSH_ANT/stack/2014/1D_WANG_PWS_150s_20260620/STACK/1D.4529/1D.4531/stack_pws.h5
1D.4529,1D.4506,19.486655,46.143902,-122.076599,/mnt/data_hdd/MSH_ANT/stack/2014/1D_WANG_PWS_150s_20260620/STACK/1D.4506/1D.4529/stack_pws.h5
1D.4529,1D.4507,19.735039,46.145000,-122.073402,/mnt/data_hdd/MSH_ANT/stack/2014/1D_WANG_PWS_150s_20260620/STACK/1D.4507/1D.4529/stack_pws.h5
1D.4529,1D.4508,19.956070,46.146900,-122.070602,/mnt/data_hdd/MSH_ANT/stack/2014/1D_WANG_PWS_150s_20260620/STACK/1D.4508/1D.4529/stack_pws.h5
1D.4529,1D.4509,20.082422,46.145302,-122.068901,/mnt/data_hdd/MSH_ANT/stack/2014/1D_WANG_PWS_150s_20260620/STACK/1D.4509/1D.4529/stack_pws.h5
1D.4529,1D.4511,20.178424,46.140701,-122.067596,/mnt/data_hdd/MSH_ANT/stack/2014/1D_WANG_PWS_150s_20260620/STACK/1D.4511/1D.4529/stack_pws.h5
1D.4529,1D.4510,20.202145,46.143200,-122.067299,/mnt/data_hdd/MSH_ANT/stack/2014/1D_WANG_PWS_150s_20260620/STACK/1D.4510/1D.4529/stack_pws.h5
