source,receiver,distance_km,original_path,cleaned_path,scale
1D.4529,1D.4528,0.344828,/mnt/data_hdd/MSH_ANT/stack/2014/1D_WANG_PWS_150s_20260620/STACK/1D.4528/1D.4529/stack_pws.h5,/mnt/data_hdd/MSH_ANT/parameter_tests/1d_moveout_before_after_spike_removal_20260625_fixed/stack_cleaned_subset/1D.4528/1D.4529/stack_pws.h5,-0.007415
1D.4529,1D.4527,0.805096,/mnt/data_hdd/MSH_ANT/stack/2014/1D_WANG_PWS_150s_20260620/STACK/1D.4527/1D.4529/stack_pws.h5,/mnt/data_hdd/MSH_ANT/parameter_tests/1d_moveout_before_after_spike_removal_20260625_fixed/stack_cleaned_subset/1D.4527/1D.4529/stack_pws.h5,0.000635
1D.4529,1D.4526,1.153333,/mnt/data_hdd/MSH_ANT/stack/2014/1D_WANG_PWS_150s_20260620/STACK/1D.4526/1D.4529/stack_pws.h5,/mnt/data_hdd/MSH_ANT/parameter_tests/1d_moveout_before_after_spike_removal_20260625_fixed/stack_cleaned_subset/1D.4526/1D.4529/stack_pws.h5,0.000481
1D.4529,1D.4525,1.521058,/mnt/data_hdd/MSH_ANT/stack/2014/1D_WANG_PWS_150s_20260620/STACK/1D.4525/1D.4529/stack_pws.h5,/mnt/data_hdd/MSH_ANT/parameter_tests/1d_moveout_before_after_spike_removal_20260625_fixed/stack_cleaned_subset/1D.4525/1D.4529/stack_pws.h5,0.008554
1D.4529,1D.4524,1.929399,/mnt/data_hdd/MSH_ANT/stack/2014/1D_WANG_PWS_150s_20260620/STACK/1D.4524/1D.4529/stack_pws.h5,/mnt/data_hdd/MSH_ANT/parameter_tests/1d_moveout_before_after_spike_removal_20260625_fixed/stack_cleaned_subset/1D.4524/1D.4529/stack_pws.h5,-0.003378
1D.4529,1D.4523,2.212634,/mnt/data_hdd/MSH_ANT/stack/2014/1D_WANG_PWS_150s_20260620/STACK/1D.4523/1D.4529/stack_pws.h5,/mnt/data_hdd/MSH_ANT/parameter_tests/1d_moveout_before_after_spike_removal_20260625_fixed/stack_cleaned_subset/1D.4523/1D.4529/stack_pws.h5,0.003101
1D.4529,1D.4522,2.519874,/mnt/data_hdd/MSH_ANT/stack/2014/1D_WANG_PWS_150s_20260620/STACK/1D.4522/1D.4529/stack_pws.h5,/mnt/data_hdd/MSH_ANT/parameter_tests/1d_moveout_before_after_spike_removal_20260625_fixed/stack_cleaned_subset/1D.4522/1D.4529/stack_pws.h5,0.003265
1D.4529,1D.4521,2.840701,/mnt/data_hdd/MSH_ANT/stack/2014/1D_WANG_PWS_150s_20260620/STACK/1D.4521/1D.4529/stack_pws.h5,/mnt/data_hdd/MSH_ANT/parameter_tests/1d_moveout_before_after_spike_removal_20260625_fixed/stack_cleaned_subset/1D.4521/1D.4529/stack_pws.h5,0.001695
1D.4529,1D.4520,3.157988,/mnt/data_hdd/MSH_ANT/stack/2014/1D_WANG_PWS_150s_20260620/STACK/1D.4520/1D.4529/stack_pws.h5,/mnt/data_hdd/MSH_ANT/parameter_tests/1d_moveout_before_after_spike_removal_20260625_fixed/stack_cleaned_subset/1D.4520/1D.4529/stack_pws.h5,-0.002927
1D.4529,1D.4411,3.586632,/mnt/data_hdd/MSH_ANT/stack/2014/1D_WANG_PWS_150s_20260620/STACK/1D.4411/1D.4529/stack_pws.h5,/mnt/data_hdd/MSH_ANT/parameter_tests/1d_moveout_before_after_spike_removal_20260625_fixed/stack_cleaned_subset/1D.4411/1D.4529/stack_pws.h5,-0.005292
1D.4529,1D.4412,3.855357,/mnt/data_hdd/MSH_ANT/stack/2014/1D_WANG_PWS_150s_20260620/STACK/1D.4412/1D.4529/stack_pws.h5,/mnt/data_hdd/MSH_ANT/parameter_tests/1d_moveout_before_after_spike_removal_20260625_fixed/stack_cleaned_subset/1D.4412/1D.4529/stack_pws.h5,-0.001465
1D.4529,1D.4410,4.208859,/mnt/data_hdd/MSH_ANT/stack/2014/1D_WANG_PWS_150s_20260620/STACK/1D.4410/1D.4529/stack_pws.h5,/mnt/data_hdd/MSH_ANT/parameter_tests/1d_moveout_before_after_spike_removal_20260625_fixed/stack_cleaned_subset/1D.4410/1D.4529/stack_pws.h5,-0.001032
1D.4529,1D.4414,4.216759,/mnt/data_hdd/MSH_ANT/stack/2014/1D_WANG_PWS_150s_20260620/STACK/1D.4414/1D.4529/stack_pws.h5,/mnt/data_hdd/MSH_ANT/parameter_tests/1d_moveout_before_after_spike_removal_20260625_fixed/stack_cleaned_subset/1D.4414/1D.4529/stack_pws.h5,0.001350
1D.4529,1D.4409,4.408515,/mnt/data_hdd/MSH_ANT/stack/2014/1D_WANG_PWS_150s_20260620/STACK/1D.4409/1D.4529/stack_pws.h5,/mnt/data_hdd/MSH_ANT/parameter_tests/1d_moveout_before_after_spike_removal_20260625_fixed/stack_cleaned_subset/1D.4409/1D.4529/stack_pws.h5,0.001292
1D.4529,1D.4415,4.460698,/mnt/data_hdd/MSH_ANT/stack/2014/1D_WANG_PWS_150s_20260620/STACK/1D.4415/1D.4529/stack_pws.h5,/mnt/data_hdd/MSH_ANT/parameter_tests/1d_moveout_before_after_spike_removal_20260625_fixed/stack_cleaned_subset/1D.4415/1D.4529/stack_pws.h5,0.001171
1D.4529,1D.4419,4.540930,/mnt/data_hdd/MSH_ANT/stack/2014/1D_WANG_PWS_150s_20260620/STACK/1D.4419/1D.4529/stack_pws.h5,/mnt/data_hdd/MSH_ANT/parameter_tests/1d_moveout_before_after_spike_removal_20260625_fixed/stack_cleaned_subset/1D.4419/1D.4529/stack_pws.h5,0.000964
1D.4529,1D.4408,4.556052,/mnt/data_hdd/MSH_ANT/stack/2014/1D_WANG_PWS_150s_20260620/STACK/1D.4408/1D.4529/stack_pws.h5,/mnt/data_hdd/MSH_ANT/parameter_tests/1d_moveout_before_after_spike_removal_20260625_fixed/stack_cleaned_subset/1D.4408/1D.4529/stack_pws.h5,0.000396
1D.4529,1D.4416,4.695259,/mnt/data_hdd/MSH_ANT/stack/2014/1D_WANG_PWS_150s_20260620/STACK/1D.4416/1D.4529/stack_pws.h5,/mnt/data_hdd/MSH_ANT/parameter_tests/1d_moveout_before_after_spike_removal_20260625_fixed/stack_cleaned_subset/1D.4416/1D.4529/stack_pws.h5,0.000281
1D.4529,1D.4417,4.698630,/mnt/data_hdd/MSH_ANT/stack/2014/1D_WANG_PWS_150s_20260620/STACK/1D.4417/1D.4529/stack_pws.h5,/mnt/data_hdd/MSH_ANT/parameter_tests/1d_moveout_before_after_spike_removal_20260625_fixed/stack_cleaned_subset/1D.4417/1D.4529/stack_pws.h5,-0.000238
1D.4529,1D.4420,4.770882,/mnt/data_hdd/MSH_ANT/stack/2014/1D_WANG_PWS_150s_20260620/STACK/1D.4420/1D.4529/stack_pws.h5,/mnt/data_hdd/MSH_ANT/parameter_tests/1d_moveout_before_after_spike_removal_20260625_fixed/stack_cleaned_subset/1D.4420/1D.4529/stack_pws.h5,0.003495
1D.4529,1D.4407,4.809204,/mnt/data_hdd/MSH_ANT/stack/2014/1D_WANG_PWS_150s_20260620/STACK/1D.4407/1D.4529/stack_pws.h5,/mnt/data_hdd/MSH_ANT/parameter_tests/1d_moveout_before_after_spike_removal_20260625_fixed/stack_cleaned_subset/1D.4407/1D.4529/stack_pws.h5,0.000655
1D.4529,1D.4421,4.957328,/mnt/data_hdd/MSH_ANT/stack/2014/1D_WANG_PWS_150s_20260620/STACK/1D.4421/1D.4529/stack_pws.h5,/mnt/data_hdd/MSH_ANT/parameter_tests/1d_moveout_before_after_spike_removal_20260625_fixed/stack_cleaned_subset/1D.4421/1D.4529/stack_pws.h5,-0.000926
1D.4529,1D.4406,5.139165,/mnt/data_hdd/MSH_ANT/stack/2014/1D_WANG_PWS_150s_20260620/STACK/1D.4406/1D.4529/stack_pws.h5,/mnt/data_hdd/MSH_ANT/parameter_tests/1d_moveout_before_after_spike_removal_20260625_fixed/stack_cleaned_subset/1D.4406/1D.4529/stack_pws.h5,-0.000045
1D.4529,1D.4422,5.169036,/mnt/data_hdd/MSH_ANT/stack/2014/1D_WANG_PWS_150s_20260620/STACK/1D.4422/1D.4529/stack_pws.h5,/mnt/data_hdd/MSH_ANT/parameter_tests/1d_moveout_before_after_spike_removal_20260625_fixed/stack_cleaned_subset/1D.4422/1D.4529/stack_pws.h5,-0.002524
1D.4529,1D.4423,5.340164,/mnt/data_hdd/MSH_ANT/stack/2014/1D_WANG_PWS_150s_20260620/STACK/1D.4423/1D.4529/stack_pws.h5,/mnt/data_hdd/MSH_ANT/parameter_tests/1d_moveout_before_after_spike_removal_20260625_fixed/stack_cleaned_subset/1D.4423/1D.4529/stack_pws.h5,-0.000039
1D.4529,1D.4405,5.477781,/mnt/data_hdd/MSH_ANT/stack/2014/1D_WANG_PWS_150s_20260620/STACK/1D.4405/1D.4529/stack_pws.h5,/mnt/data_hdd/MSH_ANT/parameter_tests/1d_moveout_before_after_spike_removal_20260625_fixed/stack_cleaned_subset/1D.4405/1D.4529/stack_pws.h5,-0.000208
1D.4529,1D.4404,5.778976,/mnt/data_hdd/MSH_ANT/stack/2014/1D_WANG_PWS_150s_20260620/STACK/1D.4404/1D.4529/stack_pws.h5,/mnt/data_hdd/MSH_ANT/parameter_tests/1d_moveout_before_after_spike_removal_20260625_fixed/stack_cleaned_subset/1D.4404/1D.4529/stack_pws.h5,-0.000506
1D.4529,1D.4403,6.070932,/mnt/data_hdd/MSH_ANT/stack/2014/1D_WANG_PWS_150s_20260620/STACK/1D.4403/1D.4529/stack_pws.h5,/mnt/data_hdd/MSH_ANT/parameter_tests/1d_moveout_before_after_spike_removal_20260625_fixed/stack_cleaned_subset/1D.4403/1D.4529/stack_pws.h5,0.000165
1D.4529,1D.4402,6.357253,/mnt/data_hdd/MSH_ANT/stack/2014/1D_WANG_PWS_150s_20260620/STACK/1D.4402/1D.4529/stack_pws.h5,/mnt/data_hdd/MSH_ANT/parameter_tests/1d_moveout_before_after_spike_removal_20260625_fixed/stack_cleaned_subset/1D.4402/1D.4529/stack_pws.h5,0.002563
1D.4529,1D.4401,6.628323,/mnt/data_hdd/MSH_ANT/stack/2014/1D_WANG_PWS_150s_20260620/STACK/1D.4401/1D.4529/stack_pws.h5,/mnt/data_hdd/MSH_ANT/parameter_tests/1d_moveout_before_after_spike_removal_20260625_fixed/stack_cleaned_subset/1D.4401/1D.4529/stack_pws.h5,0.000222
1D.4529,1D.4244,6.685034,/mnt/data_hdd/MSH_ANT/stack/2014/1D_WANG_PWS_150s_20260620/STACK/1D.4244/1D.4529/stack_pws.h5,/mnt/data_hdd/MSH_ANT/parameter_tests/1d_moveout_before_after_spike_removal_20260625_fixed/stack_cleaned_subset/1D.4244/1D.4529/stack_pws.h5,-0.000305
1D.4529,1D.4243,6.748779,/mnt/data_hdd/MSH_ANT/stack/2014/1D_WANG_PWS_150s_20260620/STACK/1D.4243/1D.4529/stack_pws.h5,/mnt/data_hdd/MSH_ANT/parameter_tests/1d_moveout_before_after_spike_removal_20260625_fixed/stack_cleaned_subset/1D.4243/1D.4529/stack_pws.h5,0.000018
1D.4529,1D.4242,6.833603,/mnt/data_hdd/MSH_ANT/stack/2014/1D_WANG_PWS_150s_20260620/STACK/1D.4242/1D.4529/stack_pws.h5,/mnt/data_hdd/MSH_ANT/parameter_tests/1d_moveout_before_after_spike_removal_20260625_fixed/stack_cleaned_subset/1D.4242/1D.4529/stack_pws.h5,-0.001481
1D.4529,1D.4241,6.852865,/mnt/data_hdd/MSH_ANT/stack/2014/1D_WANG_PWS_150s_20260620/STACK/1D.4241/1D.4529/stack_pws.h5,/mnt/data_hdd/MSH_ANT/parameter_tests/1d_moveout_before_after_spike_removal_20260625_fixed/stack_cleaned_subset/1D.4241/1D.4529/stack_pws.h5,0.001694
1D.4529,1D.4400,6.963555,/mnt/data_hdd/MSH_ANT/stack/2014/1D_WANG_PWS_150s_20260620/STACK/1D.4400/1D.4529/stack_pws.h5,/mnt/data_hdd/MSH_ANT/parameter_tests/1d_moveout_before_after_spike_removal_20260625_fixed/stack_cleaned_subset/1D.4400/1D.4529/stack_pws.h5,-0.000325
1D.4529,1D.4240,7.013146,/mnt/data_hdd/MSH_ANT/stack/2014/1D_WANG_PWS_150s_20260620/STACK/1D.4240/1D.4529/stack_pws.h5,/mnt/data_hdd/MSH_ANT/parameter_tests/1d_moveout_before_after_spike_removal_20260625_fixed/stack_cleaned_subset/1D.4240/1D.4529/stack_pws.h5,0.001960
1D.4529,1D.4239,7.224873,/mnt/data_hdd/MSH_ANT/stack/2014/1D_WANG_PWS_150s_20260620/STACK/1D.4239/1D.4529/stack_pws.h5,/mnt/data_hdd/MSH_ANT/parameter_tests/1d_moveout_before_after_spike_removal_20260625_fixed/stack_cleaned_subset/1D.4239/1D.4529/stack_pws.h5,0.000216
1D.4529,1D.4237,7.229106,/mnt/data_hdd/MSH_ANT/stack/2014/1D_WANG_PWS_150s_20260620/STACK/1D.4237/1D.4529/stack_pws.h5,/mnt/data_hdd/MSH_ANT/parameter_tests/1d_moveout_before_after_spike_removal_20260625_fixed/stack_cleaned_subset/1D.4237/1D.4529/stack_pws.h5,0.001655
1D.4529,1D.4236,7.234747,/mnt/data_hdd/MSH_ANT/stack/2014/1D_WANG_PWS_150s_20260620/STACK/1D.4236/1D.4529/stack_pws.h5,/mnt/data_hdd/MSH_ANT/parameter_tests/1d_moveout_before_after_spike_removal_20260625_fixed/stack_cleaned_subset/1D.4236/1D.4529/stack_pws.h5,0.000526
1D.4529,1D.4238,7.287976,/mnt/data_hdd/MSH_ANT/stack/2014/1D_WANG_PWS_150s_20260620/STACK/1D.4238/1D.4529/stack_pws.h5,/mnt/data_hdd/MSH_ANT/parameter_tests/1d_moveout_before_after_spike_removal_20260625_fixed/stack_cleaned_subset/1D.4238/1D.4529/stack_pws.h5,0.000527
1D.4529,1D.4235,7.293330,/mnt/data_hdd/MSH_ANT/stack/2014/1D_WANG_PWS_150s_20260620/STACK/1D.4235/1D.4529/stack_pws.h5,/mnt/data_hdd/MSH_ANT/parameter_tests/1d_moveout_before_after_spike_removal_20260625_fixed/stack_cleaned_subset/1D.4235/1D.4529/stack_pws.h5,0.001270
1D.4529,1D.4234,7.426411,/mnt/data_hdd/MSH_ANT/stack/2014/1D_WANG_PWS_150s_20260620/STACK/1D.4234/1D.4529/stack_pws.h5,/mnt/data_hdd/MSH_ANT/parameter_tests/1d_moveout_before_after_spike_removal_20260625_fixed/stack_cleaned_subset/1D.4234/1D.4529/stack_pws.h5,0.001046
1D.4529,1D.4233,7.463523,/mnt/data_hdd/MSH_ANT/stack/2014/1D_WANG_PWS_150s_20260620/STACK/1D.4233/1D.4529/stack_pws.h5,/mnt/data_hdd/MSH_ANT/parameter_tests/1d_moveout_before_after_spike_removal_20260625_fixed/stack_cleaned_subset/1D.4233/1D.4529/stack_pws.h5,-0.000289
1D.4529,1D.4232,7.514890,/mnt/data_hdd/MSH_ANT/stack/2014/1D_WANG_PWS_150s_20260620/STACK/1D.4232/1D.4529/stack_pws.h5,/mnt/data_hdd/MSH_ANT/parameter_tests/1d_moveout_before_after_spike_removal_20260625_fixed/stack_cleaned_subset/1D.4232/1D.4529/stack_pws.h5,0.000601
1D.4529,1D.4231,7.592536,/mnt/data_hdd/MSH_ANT/stack/2014/1D_WANG_PWS_150s_20260620/STACK/1D.4231/1D.4529/stack_pws.h5,/mnt/data_hdd/MSH_ANT/parameter_tests/1d_moveout_before_after_spike_removal_20260625_fixed/stack_cleaned_subset/1D.4231/1D.4529/stack_pws.h5,-0.003228
1D.4529,1D.4399,7.661998,/mnt/data_hdd/MSH_ANT/stack/2014/1D_WANG_PWS_150s_20260620/STACK/1D.4399/1D.4529/stack_pws.h5,/mnt/data_hdd/MSH_ANT/parameter_tests/1d_moveout_before_after_spike_removal_20260625_fixed/stack_cleaned_subset/1D.4399/1D.4529/stack_pws.h5,-0.001236
1D.4529,1D.4230,7.688349,/mnt/data_hdd/MSH_ANT/stack/2014/1D_WANG_PWS_150s_20260620/STACK/1D.4230/1D.4529/stack_pws.h5,/mnt/data_hdd/MSH_ANT/parameter_tests/1d_moveout_before_after_spike_removal_20260625_fixed/stack_cleaned_subset/1D.4230/1D.4529/stack_pws.h5,0.000266
1D.4529,1D.4397,7.708821,/mnt/data_hdd/MSH_ANT/stack/2014/1D_WANG_PWS_150s_20260620/STACK/1D.4397/1D.4529/stack_pws.h5,/mnt/data_hdd/MSH_ANT/parameter_tests/1d_moveout_before_after_spike_removal_20260625_fixed/stack_cleaned_subset/1D.4397/1D.4529/stack_pws.h5,0.000724
1D.4529,1D.4229,7.877065,/mnt/data_hdd/MSH_ANT/stack/2014/1D_WANG_PWS_150s_20260620/STACK/1D.4229/1D.4529/stack_pws.h5,/mnt/data_hdd/MSH_ANT/parameter_tests/1d_moveout_before_after_spike_removal_20260625_fixed/stack_cleaned_subset/1D.4229/1D.4529/stack_pws.h5,-0.000163
1D.4529,1D.4396,8.066807,/mnt/data_hdd/MSH_ANT/stack/2014/1D_WANG_PWS_150s_20260620/STACK/1D.4396/1D.4529/stack_pws.h5,/mnt/data_hdd/MSH_ANT/parameter_tests/1d_moveout_before_after_spike_removal_20260625_fixed/stack_cleaned_subset/1D.4396/1D.4529/stack_pws.h5,0.001118
1D.4529,1D.4395,8.314828,/mnt/data_hdd/MSH_ANT/stack/2014/1D_WANG_PWS_150s_20260620/STACK/1D.4395/1D.4529/stack_pws.h5,/mnt/data_hdd/MSH_ANT/parameter_tests/1d_moveout_before_after_spike_removal_20260625_fixed/stack_cleaned_subset/1D.4395/1D.4529/stack_pws.h5,0.002075
1D.4529,1D.4180,9.018843,/mnt/data_hdd/MSH_ANT/stack/2014/1D_WANG_PWS_150s_20260620/STACK/1D.4180/1D.4529/stack_pws.h5,/mnt/data_hdd/MSH_ANT/parameter_tests/1d_moveout_before_after_spike_removal_20260625_fixed/stack_cleaned_subset/1D.4180/1D.4529/stack_pws.h5,-0.001152
1D.4529,1D.4179,9.216545,/mnt/data_hdd/MSH_ANT/stack/2014/1D_WANG_PWS_150s_20260620/STACK/1D.4179/1D.4529/stack_pws.h5,/mnt/data_hdd/MSH_ANT/parameter_tests/1d_moveout_before_after_spike_removal_20260625_fixed/stack_cleaned_subset/1D.4179/1D.4529/stack_pws.h5,0.000606
1D.4529,1D.4178,9.268933,/mnt/data_hdd/MSH_ANT/stack/2014/1D_WANG_PWS_150s_20260620/STACK/1D.4178/1D.4529/stack_pws.h5,/mnt/data_hdd/MSH_ANT/parameter_tests/1d_moveout_before_after_spike_removal_20260625_fixed/stack_cleaned_subset/1D.4178/1D.4529/stack_pws.h5,-0.002643
1D.4529,1D.4182,9.438705,/mnt/data_hdd/MSH_ANT/stack/2014/1D_WANG_PWS_150s_20260620/STACK/1D.4182/1D.4529/stack_pws.h5,/mnt/data_hdd/MSH_ANT/parameter_tests/1d_moveout_before_after_spike_removal_20260625_fixed/stack_cleaned_subset/1D.4182/1D.4529/stack_pws.h5,-0.000500
1D.4529,1D.4177,9.469025,/mnt/data_hdd/MSH_ANT/stack/2014/1D_WANG_PWS_150s_20260620/STACK/1D.4177/1D.4529/stack_pws.h5,/mnt/data_hdd/MSH_ANT/parameter_tests/1d_moveout_before_after_spike_removal_20260625_fixed/stack_cleaned_subset/1D.4177/1D.4529/stack_pws.h5,-0.001415
1D.4529,1D.4176,9.649090,/mnt/data_hdd/MSH_ANT/stack/2014/1D_WANG_PWS_150s_20260620/STACK/1D.4176/1D.4529/stack_pws.h5,/mnt/data_hdd/MSH_ANT/parameter_tests/1d_moveout_before_after_spike_removal_20260625_fixed/stack_cleaned_subset/1D.4176/1D.4529/stack_pws.h5,0.001275
1D.4529,1D.4183,9.677528,/mnt/data_hdd/MSH_ANT/stack/2014/1D_WANG_PWS_150s_20260620/STACK/1D.4183/1D.4529/stack_pws.h5,/mnt/data_hdd/MSH_ANT/parameter_tests/1d_moveout_before_after_spike_removal_20260625_fixed/stack_cleaned_subset/1D.4183/1D.4529/stack_pws.h5,-0.003690
1D.4529,1D.4175,9.911766,/mnt/data_hdd/MSH_ANT/stack/2014/1D_WANG_PWS_150s_20260620/STACK/1D.4175/1D.4529/stack_pws.h5,/mnt/data_hdd/MSH_ANT/parameter_tests/1d_moveout_before_after_spike_removal_20260625_fixed/stack_cleaned_subset/1D.4175/1D.4529/stack_pws.h5,-0.001974
1D.4529,1D.4184,9.924524,/mnt/data_hdd/MSH_ANT/stack/2014/1D_WANG_PWS_150s_20260620/STACK/1D.4184/1D.4529/stack_pws.h5,/mnt/data_hdd/MSH_ANT/parameter_tests/1d_moveout_before_after_spike_removal_20260625_fixed/stack_cleaned_subset/1D.4184/1D.4529/stack_pws.h5,-0.000583
1D.4529,1D.4185,10.109669,/mnt/data_hdd/MSH_ANT/stack/2014/1D_WANG_PWS_150s_20260620/STACK/1D.4185/1D.4529/stack_pws.h5,/mnt/data_hdd/MSH_ANT/parameter_tests/1d_moveout_before_after_spike_removal_20260625_fixed/stack_cleaned_subset/1D.4185/1D.4529/stack_pws.h5,-0.001371
1D.4529,1D.4174,10.167960,/mnt/data_hdd/MSH_ANT/stack/2014/1D_WANG_PWS_150s_20260620/STACK/1D.4174/1D.4529/stack_pws.h5,/mnt/data_hdd/MSH_ANT/parameter_tests/1d_moveout_before_after_spike_removal_20260625_fixed/stack_cleaned_subset/1D.4174/1D.4529/stack_pws.h5,-0.001083
1D.4529,1D.4207,10.219538,/mnt/data_hdd/MSH_ANT/stack/2014/1D_WANG_PWS_150s_20260620/STACK/1D.4207/1D.4529/stack_pws.h5,/mnt/data_hdd/MSH_ANT/parameter_tests/1d_moveout_before_after_spike_removal_20260625_fixed/stack_cleaned_subset/1D.4207/1D.4529/stack_pws.h5,0.000711
1D.4529,1D.4186,10.294231,/mnt/data_hdd/MSH_ANT/stack/2014/1D_WANG_PWS_150s_20260620/STACK/1D.4186/1D.4529/stack_pws.h5,/mnt/data_hdd/MSH_ANT/parameter_tests/1d_moveout_before_after_spike_removal_20260625_fixed/stack_cleaned_subset/1D.4186/1D.4529/stack_pws.h5,0.000520
1D.4529,1D.4200,10.305026,/mnt/data_hdd/MSH_ANT/stack/2014/1D_WANG_PWS_150s_20260620/STACK/1D.4200/1D.4529/stack_pws.h5,/mnt/data_hdd/MSH_ANT/parameter_tests/1d_moveout_before_after_spike_removal_20260625_fixed/stack_cleaned_subset/1D.4200/1D.4529/stack_pws.h5,-0.000556
1D.4529,1D.4173,10.342079,/mnt/data_hdd/MSH_ANT/stack/2014/1D_WANG_PWS_150s_20260620/STACK/1D.4173/1D.4529/stack_pws.h5,/mnt/data_hdd/MSH_ANT/parameter_tests/1d_moveout_before_after_spike_removal_20260625_fixed/stack_cleaned_subset/1D.4173/1D.4529/stack_pws.h5,-0.000721
1D.4529,1D.4187,10.364775,/mnt/data_hdd/MSH_ANT/stack/2014/1D_WANG_PWS_150s_20260620/STACK/1D.4187/1D.4529/stack_pws.h5,/mnt/data_hdd/MSH_ANT/parameter_tests/1d_moveout_before_after_spike_removal_20260625_fixed/stack_cleaned_subset/1D.4187/1D.4529/stack_pws.h5,-0.000525
1D.4529,1D.4172,10.538422,/mnt/data_hdd/MSH_ANT/stack/2014/1D_WANG_PWS_150s_20260620/STACK/1D.4172/1D.4529/stack_pws.h5,/mnt/data_hdd/MSH_ANT/parameter_tests/1d_moveout_before_after_spike_removal_20260625_fixed/stack_cleaned_subset/1D.4172/1D.4529/stack_pws.h5,-0.002845
1D.4529,1D.4171,10.610998,/mnt/data_hdd/MSH_ANT/stack/2014/1D_WANG_PWS_150s_20260620/STACK/1D.4171/1D.4529/stack_pws.h5,/mnt/data_hdd/MSH_ANT/parameter_tests/1d_moveout_before_after_spike_removal_20260625_fixed/stack_cleaned_subset/1D.4171/1D.4529/stack_pws.h5,-0.001297
1D.4529,1D.4156,10.677397,/mnt/data_hdd/MSH_ANT/stack/2014/1D_WANG_PWS_150s_20260620/STACK/1D.4156/1D.4529/stack_pws.h5,/mnt/data_hdd/MSH_ANT/parameter_tests/1d_moveout_before_after_spike_removal_20260625_fixed/stack_cleaned_subset/1D.4156/1D.4529/stack_pws.h5,0.000659
1D.4529,1D.4170,10.790163,/mnt/data_hdd/MSH_ANT/stack/2014/1D_WANG_PWS_150s_20260620/STACK/1D.4170/1D.4529/stack_pws.h5,/mnt/data_hdd/MSH_ANT/parameter_tests/1d_moveout_before_after_spike_removal_20260625_fixed/stack_cleaned_subset/1D.4170/1D.4529/stack_pws.h5,0.000238
1D.4529,1D.4157,10.910538,/mnt/data_hdd/MSH_ANT/stack/2014/1D_WANG_PWS_150s_20260620/STACK/1D.4157/1D.4529/stack_pws.h5,/mnt/data_hdd/MSH_ANT/parameter_tests/1d_moveout_before_after_spike_removal_20260625_fixed/stack_cleaned_subset/1D.4157/1D.4529/stack_pws.h5,-0.000005
1D.4529,1D.4169,11.049885,/mnt/data_hdd/MSH_ANT/stack/2014/1D_WANG_PWS_150s_20260620/STACK/1D.4169/1D.4529/stack_pws.h5,/mnt/data_hdd/MSH_ANT/parameter_tests/1d_moveout_before_after_spike_removal_20260625_fixed/stack_cleaned_subset/1D.4169/1D.4529/stack_pws.h5,-0.004423
1D.4529,1D.4158,11.122384,/mnt/data_hdd/MSH_ANT/stack/2014/1D_WANG_PWS_150s_20260620/STACK/1D.4158/1D.4529/stack_pws.h5,/mnt/data_hdd/MSH_ANT/parameter_tests/1d_moveout_before_after_spike_removal_20260625_fixed/stack_cleaned_subset/1D.4158/1D.4529/stack_pws.h5,-0.001880
1D.4529,1D.4162,11.123184,/mnt/data_hdd/MSH_ANT/stack/2014/1D_WANG_PWS_150s_20260620/STACK/1D.4162/1D.4529/stack_pws.h5,/mnt/data_hdd/MSH_ANT/parameter_tests/1d_moveout_before_after_spike_removal_20260625_fixed/stack_cleaned_subset/1D.4162/1D.4529/stack_pws.h5,0.001969
1D.4529,1D.4161,11.127884,/mnt/data_hdd/MSH_ANT/stack/2014/1D_WANG_PWS_150s_20260620/STACK/1D.4161/1D.4529/stack_pws.h5,/mnt/data_hdd/MSH_ANT/parameter_tests/1d_moveout_before_after_spike_removal_20260625_fixed/stack_cleaned_subset/1D.4161/1D.4529/stack_pws.h5,0.000572
1D.4529,1D.4159,11.183254,/mnt/data_hdd/MSH_ANT/stack/2014/1D_WANG_PWS_150s_20260620/STACK/1D.4159/1D.4529/stack_pws.h5,/mnt/data_hdd/MSH_ANT/parameter_tests/1d_moveout_before_after_spike_removal_20260625_fixed/stack_cleaned_subset/1D.4159/1D.4529/stack_pws.h5,-0.000311
1D.4529,1D.4160,11.190760,/mnt/data_hdd/MSH_ANT/stack/2014/1D_WANG_PWS_150s_20260620/STACK/1D.4160/1D.4529/stack_pws.h5,/mnt/data_hdd/MSH_ANT/parameter_tests/1d_moveout_before_after_spike_removal_20260625_fixed/stack_cleaned_subset/1D.4160/1D.4529/stack_pws.h5,0.000803
1D.4529,1D.4163,11.204561,/mnt/data_hdd/MSH_ANT/stack/2014/1D_WANG_PWS_150s_20260620/STACK/1D.4163/1D.4529/stack_pws.h5,/mnt/data_hdd/MSH_ANT/parameter_tests/1d_moveout_before_after_spike_removal_20260625_fixed/stack_cleaned_subset/1D.4163/1D.4529/stack_pws.h5,0.000209
1D.4529,1D.4008,11.996242,/mnt/data_hdd/MSH_ANT/stack/2014/1D_WANG_PWS_150s_20260620/STACK/1D.4008/1D.4529/stack_pws.h5,/mnt/data_hdd/MSH_ANT/parameter_tests/1d_moveout_before_after_spike_removal_20260625_fixed/stack_cleaned_subset/1D.4008/1D.4529/stack_pws.h5,-0.004506
1D.4529,1D.4328,12.182027,/mnt/data_hdd/MSH_ANT/stack/2014/1D_WANG_PWS_150s_20260620/STACK/1D.4328/1D.4529/stack_pws.h5,/mnt/data_hdd/MSH_ANT/parameter_tests/1d_moveout_before_after_spike_removal_20260625_fixed/stack_cleaned_subset/1D.4328/1D.4529/stack_pws.h5,0.000576
1D.4529,1D.4009,12.196077,/mnt/data_hdd/MSH_ANT/stack/2014/1D_WANG_PWS_150s_20260620/STACK/1D.4009/1D.4529/stack_pws.h5,/mnt/data_hdd/MSH_ANT/parameter_tests/1d_moveout_before_after_spike_removal_20260625_fixed/stack_cleaned_subset/1D.4009/1D.4529/stack_pws.h5,-0.000102
1D.4529,1D.4330,12.210554,/mnt/data_hdd/MSH_ANT/stack/2014/1D_WANG_PWS_150s_20260620/STACK/1D.4330/1D.4529/stack_pws.h5,/mnt/data_hdd/MSH_ANT/parameter_tests/1d_moveout_before_after_spike_removal_20260625_fixed/stack_cleaned_subset/1D.4330/1D.4529/stack_pws.h5,0.000930
1D.4529,1D.4329,12.250374,/mnt/data_hdd/MSH_ANT/stack/2014/1D_WANG_PWS_150s_20260620/STACK/1D.4329/1D.4529/stack_pws.h5,/mnt/data_hdd/MSH_ANT/parameter_tests/1d_moveout_before_after_spike_removal_20260625_fixed/stack_cleaned_subset/1D.4329/1D.4529/stack_pws.h5,-0.001231
1D.4529,1D.4314,12.265299,/mnt/data_hdd/MSH_ANT/stack/2014/1D_WANG_PWS_150s_20260620/STACK/1D.4314/1D.4529/stack_pws.h5,/mnt/data_hdd/MSH_ANT/parameter_tests/1d_moveout_before_after_spike_removal_20260625_fixed/stack_cleaned_subset/1D.4314/1D.4529/stack_pws.h5,-0.001070
1D.4529,1D.4316,12.320866,/mnt/data_hdd/MSH_ANT/stack/2014/1D_WANG_PWS_150s_20260620/STACK/1D.4316/1D.4529/stack_pws.h5,/mnt/data_hdd/MSH_ANT/parameter_tests/1d_moveout_before_after_spike_removal_20260625_fixed/stack_cleaned_subset/1D.4316/1D.4529/stack_pws.h5,-0.000410
1D.4529,1D.4331,12.326151,/mnt/data_hdd/MSH_ANT/stack/2014/1D_WANG_PWS_150s_20260620/STACK/1D.4331/1D.4529/stack_pws.h5,/mnt/data_hdd/MSH_ANT/parameter_tests/1d_moveout_before_after_spike_removal_20260625_fixed/stack_cleaned_subset/1D.4331/1D.4529/stack_pws.h5,-0.000149
1D.4529,1D.4335,12.367662,/mnt/data_hdd/MSH_ANT/stack/2014/1D_WANG_PWS_150s_20260620/STACK/1D.4335/1D.4529/stack_pws.h5,/mnt/data_hdd/MSH_ANT/parameter_tests/1d_moveout_before_after_spike_removal_20260625_fixed/stack_cleaned_subset/1D.4335/1D.4529/stack_pws.h5,-0.001093
1D.4529,1D.4332,12.373916,/mnt/data_hdd/MSH_ANT/stack/2014/1D_WANG_PWS_150s_20260620/STACK/1D.4332/1D.4529/stack_pws.h5,/mnt/data_hdd/MSH_ANT/parameter_tests/1d_moveout_before_after_spike_removal_20260625_fixed/stack_cleaned_subset/1D.4332/1D.4529/stack_pws.h5,-0.000282
1D.4529,1D.4010,12.383059,/mnt/data_hdd/MSH_ANT/stack/2014/1D_WANG_PWS_150s_20260620/STACK/1D.4010/1D.4529/stack_pws.h5,/mnt/data_hdd/MSH_ANT/parameter_tests/1d_moveout_before_after_spike_removal_20260625_fixed/stack_cleaned_subset/1D.4010/1D.4529/stack_pws.h5,0.000849
1D.4529,1D.4333,12.407826,/mnt/data_hdd/MSH_ANT/stack/2014/1D_WANG_PWS_150s_20260620/STACK/1D.4333/1D.4529/stack_pws.h5,/mnt/data_hdd/MSH_ANT/parameter_tests/1d_moveout_before_after_spike_removal_20260625_fixed/stack_cleaned_subset/1D.4333/1D.4529/stack_pws.h5,-0.000957
1D.4529,1D.4334,12.415758,/mnt/data_hdd/MSH_ANT/stack/2014/1D_WANG_PWS_150s_20260620/STACK/1D.4334/1D.4529/stack_pws.h5,/mnt/data_hdd/MSH_ANT/parameter_tests/1d_moveout_before_after_spike_removal_20260625_fixed/stack_cleaned_subset/1D.4334/1D.4529/stack_pws.h5,-0.000176
1D.4529,1D.4315,12.450219,/mnt/data_hdd/MSH_ANT/stack/2014/1D_WANG_PWS_150s_20260620/STACK/1D.4315/1D.4529/stack_pws.h5,/mnt/data_hdd/MSH_ANT/parameter_tests/1d_moveout_before_after_spike_removal_20260625_fixed/stack_cleaned_subset/1D.4315/1D.4529/stack_pws.h5,0.002239
1D.4529,1D.4012,12.863432,/mnt/data_hdd/MSH_ANT/stack/2014/1D_WANG_PWS_150s_20260620/STACK/1D.4012/1D.4529/stack_pws.h5,/mnt/data_hdd/MSH_ANT/parameter_tests/1d_moveout_before_after_spike_removal_20260625_fixed/stack_cleaned_subset/1D.4012/1D.4529/stack_pws.h5,-0.000672
1D.4529,1D.4013,12.996241,/mnt/data_hdd/MSH_ANT/stack/2014/1D_WANG_PWS_150s_20260620/STACK/1D.4013/1D.4529/stack_pws.h5,/mnt/data_hdd/MSH_ANT/parameter_tests/1d_moveout_before_after_spike_removal_20260625_fixed/stack_cleaned_subset/1D.4013/1D.4529/stack_pws.h5,0.000312
1D.4529,1D.4014,13.042742,/mnt/data_hdd/MSH_ANT/stack/2014/1D_WANG_PWS_150s_20260620/STACK/1D.4014/1D.4529/stack_pws.h5,/mnt/data_hdd/MSH_ANT/parameter_tests/1d_moveout_before_after_spike_removal_20260625_fixed/stack_cleaned_subset/1D.4014/1D.4529/stack_pws.h5,-0.002157
1D.4529,1D.4015,13.262541,/mnt/data_hdd/MSH_ANT/stack/2014/1D_WANG_PWS_150s_20260620/STACK/1D.4015/1D.4529/stack_pws.h5,/mnt/data_hdd/MSH_ANT/parameter_tests/1d_moveout_before_after_spike_removal_20260625_fixed/stack_cleaned_subset/1D.4015/1D.4529/stack_pws.h5,-0.000564
1D.4529,1D.4289,13.334504,/mnt/data_hdd/MSH_ANT/stack/2014/1D_WANG_PWS_150s_20260620/STACK/1D.4289/1D.4529/stack_pws.h5,/mnt/data_hdd/MSH_ANT/parameter_tests/1d_moveout_before_after_spike_removal_20260625_fixed/stack_cleaned_subset/1D.4289/1D.4529/stack_pws.h5,0.001275
1D.4529,1D.4290,13.526123,/mnt/data_hdd/MSH_ANT/stack/2014/1D_WANG_PWS_150s_20260620/STACK/1D.4290/1D.4529/stack_pws.h5,/mnt/data_hdd/MSH_ANT/parameter_tests/1d_moveout_before_after_spike_removal_20260625_fixed/stack_cleaned_subset/1D.4290/1D.4529/stack_pws.h5,0.000535
1D.4529,1D.4016,13.575449,/mnt/data_hdd/MSH_ANT/stack/2014/1D_WANG_PWS_150s_20260620/STACK/1D.4016/1D.4529/stack_pws.h5,/mnt/data_hdd/MSH_ANT/parameter_tests/1d_moveout_before_after_spike_removal_20260625_fixed/stack_cleaned_subset/1D.4016/1D.4529/stack_pws.h5,-0.001092
1D.4529,1D.4288,13.581041,/mnt/data_hdd/MSH_ANT/stack/2014/1D_WANG_PWS_150s_20260620/STACK/1D.4288/1D.4529/stack_pws.h5,/mnt/data_hdd/MSH_ANT/parameter_tests/1d_moveout_before_after_spike_removal_20260625_fixed/stack_cleaned_subset/1D.4288/1D.4529/stack_pws.h5,0.000462
1D.4529,1D.4017,13.721716,/mnt/data_hdd/MSH_ANT/stack/2014/1D_WANG_PWS_150s_20260620/STACK/1D.4017/1D.4529/stack_pws.h5,/mnt/data_hdd/MSH_ANT/parameter_tests/1d_moveout_before_after_spike_removal_20260625_fixed/stack_cleaned_subset/1D.4017/1D.4529/stack_pws.h5,0.000584
1D.4529,1D.4291,13.729562,/mnt/data_hdd/MSH_ANT/stack/2014/1D_WANG_PWS_150s_20260620/STACK/1D.4291/1D.4529/stack_pws.h5,/mnt/data_hdd/MSH_ANT/parameter_tests/1d_moveout_before_after_spike_removal_20260625_fixed/stack_cleaned_subset/1D.4291/1D.4529/stack_pws.h5,-0.000176
1D.4529,1D.4287,13.749562,/mnt/data_hdd/MSH_ANT/stack/2014/1D_WANG_PWS_150s_20260620/STACK/1D.4287/1D.4529/stack_pws.h5,/mnt/data_hdd/MSH_ANT/parameter_tests/1d_moveout_before_after_spike_removal_20260625_fixed/stack_cleaned_subset/1D.4287/1D.4529/stack_pws.h5,-0.000229
1D.4529,1D.4018,13.852394,/mnt/data_hdd/MSH_ANT/stack/2014/1D_WANG_PWS_150s_20260620/STACK/1D.4018/1D.4529/stack_pws.h5,/mnt/data_hdd/MSH_ANT/parameter_tests/1d_moveout_before_after_spike_removal_20260625_fixed/stack_cleaned_subset/1D.4018/1D.4529/stack_pws.h5,-0.000293
1D.4529,1D.4292,13.854033,/mnt/data_hdd/MSH_ANT/stack/2014/1D_WANG_PWS_150s_20260620/STACK/1D.4292/1D.4529/stack_pws.h5,/mnt/data_hdd/MSH_ANT/parameter_tests/1d_moveout_before_after_spike_removal_20260625_fixed/stack_cleaned_subset/1D.4292/1D.4529/stack_pws.h5,0.000349
1D.4529,1D.4286,13.906850,/mnt/data_hdd/MSH_ANT/stack/2014/1D_WANG_PWS_150s_20260620/STACK/1D.4286/1D.4529/stack_pws.h5,/mnt/data_hdd/MSH_ANT/parameter_tests/1d_moveout_before_after_spike_removal_20260625_fixed/stack_cleaned_subset/1D.4286/1D.4529/stack_pws.h5,0.000266
1D.4529,1D.4293,14.001502,/mnt/data_hdd/MSH_ANT/stack/2014/1D_WANG_PWS_150s_20260620/STACK/1D.4293/1D.4529/stack_pws.h5,/mnt/data_hdd/MSH_ANT/parameter_tests/1d_moveout_before_after_spike_removal_20260625_fixed/stack_cleaned_subset/1D.4293/1D.4529/stack_pws.h5,0.000431
1D.4529,1D.4285,14.102593,/mnt/data_hdd/MSH_ANT/stack/2014/1D_WANG_PWS_150s_20260620/STACK/1D.4285/1D.4529/stack_pws.h5,/mnt/data_hdd/MSH_ANT/parameter_tests/1d_moveout_before_after_spike_removal_20260625_fixed/stack_cleaned_subset/1D.4285/1D.4529/stack_pws.h5,0.000986
1D.4529,1D.4284,14.136052,/mnt/data_hdd/MSH_ANT/stack/2014/1D_WANG_PWS_150s_20260620/STACK/1D.4284/1D.4529/stack_pws.h5,/mnt/data_hdd/MSH_ANT/parameter_tests/1d_moveout_before_after_spike_removal_20260625_fixed/stack_cleaned_subset/1D.4284/1D.4529/stack_pws.h5,0.000019
1D.4529,1D.4297,14.194682,/mnt/data_hdd/MSH_ANT/stack/2014/1D_WANG_PWS_150s_20260620/STACK/1D.4297/1D.4529/stack_pws.h5,/mnt/data_hdd/MSH_ANT/parameter_tests/1d_moveout_before_after_spike_removal_20260625_fixed/stack_cleaned_subset/1D.4297/1D.4529/stack_pws.h5,0.001023
1D.4529,1D.4282,14.210533,/mnt/data_hdd/MSH_ANT/stack/2014/1D_WANG_PWS_150s_20260620/STACK/1D.4282/1D.4529/stack_pws.h5,/mnt/data_hdd/MSH_ANT/parameter_tests/1d_moveout_before_after_spike_removal_20260625_fixed/stack_cleaned_subset/1D.4282/1D.4529/stack_pws.h5,-0.000112
1D.4529,1D.4294,14.235791,/mnt/data_hdd/MSH_ANT/stack/2014/1D_WANG_PWS_150s_20260620/STACK/1D.4294/1D.4529/stack_pws.h5,/mnt/data_hdd/MSH_ANT/parameter_tests/1d_moveout_before_after_spike_removal_20260625_fixed/stack_cleaned_subset/1D.4294/1D.4529/stack_pws.h5,-0.000606
1D.4529,1D.4283,14.279506,/mnt/data_hdd/MSH_ANT/stack/2014/1D_WANG_PWS_150s_20260620/STACK/1D.4283/1D.4529/stack_pws.h5,/mnt/data_hdd/MSH_ANT/parameter_tests/1d_moveout_before_after_spike_removal_20260625_fixed/stack_cleaned_subset/1D.4283/1D.4529/stack_pws.h5,0.001472
1D.4529,1D.4281,14.315754,/mnt/data_hdd/MSH_ANT/stack/2014/1D_WANG_PWS_150s_20260620/STACK/1D.4281/1D.4529/stack_pws.h5,/mnt/data_hdd/MSH_ANT/parameter_tests/1d_moveout_before_after_spike_removal_20260625_fixed/stack_cleaned_subset/1D.4281/1D.4529/stack_pws.h5,-0.001358
1D.4529,1D.4280,14.399824,/mnt/data_hdd/MSH_ANT/stack/2014/1D_WANG_PWS_150s_20260620/STACK/1D.4280/1D.4529/stack_pws.h5,/mnt/data_hdd/MSH_ANT/parameter_tests/1d_moveout_before_after_spike_removal_20260625_fixed/stack_cleaned_subset/1D.4280/1D.4529/stack_pws.h5,0.000199
1D.4529,1D.4295,14.430555,/mnt/data_hdd/MSH_ANT/stack/2014/1D_WANG_PWS_150s_20260620/STACK/1D.4295/1D.4529/stack_pws.h5,/mnt/data_hdd/MSH_ANT/parameter_tests/1d_moveout_before_after_spike_removal_20260625_fixed/stack_cleaned_subset/1D.4295/1D.4529/stack_pws.h5,-0.000073
1D.4529,1D.4298,14.468278,/mnt/data_hdd/MSH_ANT/stack/2014/1D_WANG_PWS_150s_20260620/STACK/1D.4298/1D.4529/stack_pws.h5,/mnt/data_hdd/MSH_ANT/parameter_tests/1d_moveout_before_after_spike_removal_20260625_fixed/stack_cleaned_subset/1D.4298/1D.4529/stack_pws.h5,-0.001271
1D.4529,1D.4296,14.640491,/mnt/data_hdd/MSH_ANT/stack/2014/1D_WANG_PWS_150s_20260620/STACK/1D.4296/1D.4529/stack_pws.h5,/mnt/data_hdd/MSH_ANT/parameter_tests/1d_moveout_before_after_spike_removal_20260625_fixed/stack_cleaned_subset/1D.4296/1D.4529/stack_pws.h5,-0.000694
1D.4529,1D.4279,14.693959,/mnt/data_hdd/MSH_ANT/stack/2014/1D_WANG_PWS_150s_20260620/STACK/1D.4279/1D.4529/stack_pws.h5,/mnt/data_hdd/MSH_ANT/parameter_tests/1d_moveout_before_after_spike_removal_20260625_fixed/stack_cleaned_subset/1D.4279/1D.4529/stack_pws.h5,0.000724
1D.4529,1D.4299,14.742232,/mnt/data_hdd/MSH_ANT/stack/2014/1D_WANG_PWS_150s_20260620/STACK/1D.4299/1D.4529/stack_pws.h5,/mnt/data_hdd/MSH_ANT/parameter_tests/1d_moveout_before_after_spike_removal_20260625_fixed/stack_cleaned_subset/1D.4299/1D.4529/stack_pws.h5,-0.001738
1D.4529,1D.4320,14.804780,/mnt/data_hdd/MSH_ANT/stack/2014/1D_WANG_PWS_150s_20260620/STACK/1D.4320/1D.4529/stack_pws.h5,/mnt/data_hdd/MSH_ANT/parameter_tests/1d_moveout_before_after_spike_removal_20260625_fixed/stack_cleaned_subset/1D.4320/1D.4529/stack_pws.h5,0.002199
1D.4529,1D.4300,14.849743,/mnt/data_hdd/MSH_ANT/stack/2014/1D_WANG_PWS_150s_20260620/STACK/1D.4300/1D.4529/stack_pws.h5,/mnt/data_hdd/MSH_ANT/parameter_tests/1d_moveout_before_after_spike_removal_20260625_fixed/stack_cleaned_subset/1D.4300/1D.4529/stack_pws.h5,-0.001458
1D.4529,1D.4301,14.959572,/mnt/data_hdd/MSH_ANT/stack/2014/1D_WANG_PWS_150s_20260620/STACK/1D.4301/1D.4529/stack_pws.h5,/mnt/data_hdd/MSH_ANT/parameter_tests/1d_moveout_before_after_spike_removal_20260625_fixed/stack_cleaned_subset/1D.4301/1D.4529/stack_pws.h5,-0.000930
1D.4529,1D.4319,14.962288,/mnt/data_hdd/MSH_ANT/stack/2014/1D_WANG_PWS_150s_20260620/STACK/1D.4319/1D.4529/stack_pws.h5,/mnt/data_hdd/MSH_ANT/parameter_tests/1d_moveout_before_after_spike_removal_20260625_fixed/stack_cleaned_subset/1D.4319/1D.4529/stack_pws.h5,0.000704
1D.4529,1D.4278,14.965339,/mnt/data_hdd/MSH_ANT/stack/2014/1D_WANG_PWS_150s_20260620/STACK/1D.4278/1D.4529/stack_pws.h5,/mnt/data_hdd/MSH_ANT/parameter_tests/1d_moveout_before_after_spike_removal_20260625_fixed/stack_cleaned_subset/1D.4278/1D.4529/stack_pws.h5,-0.000709
1D.4529,1D.4312,15.014073,/mnt/data_hdd/MSH_ANT/stack/2014/1D_WANG_PWS_150s_20260620/STACK/1D.4312/1D.4529/stack_pws.h5,/mnt/data_hdd/MSH_ANT/parameter_tests/1d_moveout_before_after_spike_removal_20260625_fixed/stack_cleaned_subset/1D.4312/1D.4529/stack_pws.h5,-0.000060
1D.4529,1D.4311,15.023063,/mnt/data_hdd/MSH_ANT/stack/2014/1D_WANG_PWS_150s_20260620/STACK/1D.4311/1D.4529/stack_pws.h5,/mnt/data_hdd/MSH_ANT/parameter_tests/1d_moveout_before_after_spike_removal_20260625_fixed/stack_cleaned_subset/1D.4311/1D.4529/stack_pws.h5,-0.000351
1D.4529,1D.4310,15.055857,/mnt/data_hdd/MSH_ANT/stack/2014/1D_WANG_PWS_150s_20260620/STACK/1D.4310/1D.4529/stack_pws.h5,/mnt/data_hdd/MSH_ANT/parameter_tests/1d_moveout_before_after_spike_removal_20260625_fixed/stack_cleaned_subset/1D.4310/1D.4529/stack_pws.h5,-0.000061
1D.4529,1D.4302,15.064908,/mnt/data_hdd/MSH_ANT/stack/2014/1D_WANG_PWS_150s_20260620/STACK/1D.4302/1D.4529/stack_pws.h5,/mnt/data_hdd/MSH_ANT/parameter_tests/1d_moveout_before_after_spike_removal_20260625_fixed/stack_cleaned_subset/1D.4302/1D.4529/stack_pws.h5,0.000123
1D.4529,1D.4309,15.126513,/mnt/data_hdd/MSH_ANT/stack/2014/1D_WANG_PWS_150s_20260620/STACK/1D.4309/1D.4529/stack_pws.h5,/mnt/data_hdd/MSH_ANT/parameter_tests/1d_moveout_before_after_spike_removal_20260625_fixed/stack_cleaned_subset/1D.4309/1D.4529/stack_pws.h5,-0.001074
1D.4529,1D.4303,15.141096,/mnt/data_hdd/MSH_ANT/stack/2014/1D_WANG_PWS_150s_20260620/STACK/1D.4303/1D.4529/stack_pws.h5,/mnt/data_hdd/MSH_ANT/parameter_tests/1d_moveout_before_after_spike_removal_20260625_fixed/stack_cleaned_subset/1D.4303/1D.4529/stack_pws.h5,0.000347
1D.4529,1D.4308,15.159028,/mnt/data_hdd/MSH_ANT/stack/2014/1D_WANG_PWS_150s_20260620/STACK/1D.4308/1D.4529/stack_pws.h5,/mnt/data_hdd/MSH_ANT/parameter_tests/1d_moveout_before_after_spike_removal_20260625_fixed/stack_cleaned_subset/1D.4308/1D.4529/stack_pws.h5,-0.000315
1D.4529,1D.4304,15.200819,/mnt/data_hdd/MSH_ANT/stack/2014/1D_WANG_PWS_150s_20260620/STACK/1D.4304/1D.4529/stack_pws.h5,/mnt/data_hdd/MSH_ANT/parameter_tests/1d_moveout_before_after_spike_removal_20260625_fixed/stack_cleaned_subset/1D.4304/1D.4529/stack_pws.h5,0.003022
1D.4529,1D.4305,15.243136,/mnt/data_hdd/MSH_ANT/stack/2014/1D_WANG_PWS_150s_20260620/STACK/1D.4305/1D.4529/stack_pws.h5,/mnt/data_hdd/MSH_ANT/parameter_tests/1d_moveout_before_after_spike_removal_20260625_fixed/stack_cleaned_subset/1D.4305/1D.4529/stack_pws.h5,-0.000648
1D.4529,1D.4277,15.260127,/mnt/data_hdd/MSH_ANT/stack/2014/1D_WANG_PWS_150s_20260620/STACK/1D.4277/1D.4529/stack_pws.h5,/mnt/data_hdd/MSH_ANT/parameter_tests/1d_moveout_before_after_spike_removal_20260625_fixed/stack_cleaned_subset/1D.4277/1D.4529/stack_pws.h5,0.001568
1D.4529,1D.4306,15.277619,/mnt/data_hdd/MSH_ANT/stack/2014/1D_WANG_PWS_150s_20260620/STACK/1D.4306/1D.4529/stack_pws.h5,/mnt/data_hdd/MSH_ANT/parameter_tests/1d_moveout_before_after_spike_removal_20260625_fixed/stack_cleaned_subset/1D.4306/1D.4529/stack_pws.h5,-0.000405
1D.4529,1D.4307,15.313512,/mnt/data_hdd/MSH_ANT/stack/2014/1D_WANG_PWS_150s_20260620/STACK/1D.4307/1D.4529/stack_pws.h5,/mnt/data_hdd/MSH_ANT/parameter_tests/1d_moveout_before_after_spike_removal_20260625_fixed/stack_cleaned_subset/1D.4307/1D.4529/stack_pws.h5,-0.001055
1D.4529,1D.4276,15.571300,/mnt/data_hdd/MSH_ANT/stack/2014/1D_WANG_PWS_150s_20260620/STACK/1D.4276/1D.4529/stack_pws.h5,/mnt/data_hdd/MSH_ANT/parameter_tests/1d_moveout_before_after_spike_removal_20260625_fixed/stack_cleaned_subset/1D.4276/1D.4529/stack_pws.h5,0.000776
1D.4529,1D.4497,15.671221,/mnt/data_hdd/MSH_ANT/stack/2014/1D_WANG_PWS_150s_20260620/STACK/1D.4497/1D.4529/stack_pws.h5,/mnt/data_hdd/MSH_ANT/parameter_tests/1d_moveout_before_after_spike_removal_20260625_fixed/stack_cleaned_subset/1D.4497/1D.4529/stack_pws.h5,-0.001526
1D.4529,1D.4275,15.929111,/mnt/data_hdd/MSH_ANT/stack/2014/1D_WANG_PWS_150s_20260620/STACK/1D.4275/1D.4529/stack_pws.h5,/mnt/data_hdd/MSH_ANT/parameter_tests/1d_moveout_before_after_spike_removal_20260625_fixed/stack_cleaned_subset/1D.4275/1D.4529/stack_pws.h5,0.001210
1D.4529,1D.4274,16.102617,/mnt/data_hdd/MSH_ANT/stack/2014/1D_WANG_PWS_150s_20260620/STACK/1D.4274/1D.4529/stack_pws.h5,/mnt/data_hdd/MSH_ANT/parameter_tests/1d_moveout_before_after_spike_removal_20260625_fixed/stack_cleaned_subset/1D.4274/1D.4529/stack_pws.h5,0.001018
1D.4529,1D.4472,16.444975,/mnt/data_hdd/MSH_ANT/stack/2014/1D_WANG_PWS_150s_20260620/STACK/1D.4472/1D.4529/stack_pws.h5,/mnt/data_hdd/MSH_ANT/parameter_tests/1d_moveout_before_after_spike_removal_20260625_fixed/stack_cleaned_subset/1D.4472/1D.4529/stack_pws.h5,0.000106
1D.4529,1D.4473,16.722771,/mnt/data_hdd/MSH_ANT/stack/2014/1D_WANG_PWS_150s_20260620/STACK/1D.4473/1D.4529/stack_pws.h5,/mnt/data_hdd/MSH_ANT/parameter_tests/1d_moveout_before_after_spike_removal_20260625_fixed/stack_cleaned_subset/1D.4473/1D.4529/stack_pws.h5,0.000083
1D.4529,1D.4474,16.973265,/mnt/data_hdd/MSH_ANT/stack/2014/1D_WANG_PWS_150s_20260620/STACK/1D.4474/1D.4529/stack_pws.h5,/mnt/data_hdd/MSH_ANT/parameter_tests/1d_moveout_before_after_spike_removal_20260625_fixed/stack_cleaned_subset/1D.4474/1D.4529/stack_pws.h5,-0.000268
1D.4529,1D.4475,17.183634,/mnt/data_hdd/MSH_ANT/stack/2014/1D_WANG_PWS_150s_20260620/STACK/1D.4475/1D.4529/stack_pws.h5,/mnt/data_hdd/MSH_ANT/parameter_tests/1d_moveout_before_after_spike_removal_20260625_fixed/stack_cleaned_subset/1D.4475/1D.4529/stack_pws.h5,0.000261
1D.4529,1D.4476,17.323707,/mnt/data_hdd/MSH_ANT/stack/2014/1D_WANG_PWS_150s_20260620/STACK/1D.4476/1D.4529/stack_pws.h5,/mnt/data_hdd/MSH_ANT/parameter_tests/1d_moveout_before_after_spike_removal_20260625_fixed/stack_cleaned_subset/1D.4476/1D.4529/stack_pws.h5,-0.000256
1D.4529,1D.4477,17.541743,/mnt/data_hdd/MSH_ANT/stack/2014/1D_WANG_PWS_150s_20260620/STACK/1D.4477/1D.4529/stack_pws.h5,/mnt/data_hdd/MSH_ANT/parameter_tests/1d_moveout_before_after_spike_removal_20260625_fixed/stack_cleaned_subset/1D.4477/1D.4529/stack_pws.h5,-0.000076
1D.4529,1D.4478,17.687668,/mnt/data_hdd/MSH_ANT/stack/2014/1D_WANG_PWS_150s_20260620/STACK/1D.4478/1D.4529/stack_pws.h5,/mnt/data_hdd/MSH_ANT/parameter_tests/1d_moveout_before_after_spike_removal_20260625_fixed/stack_cleaned_subset/1D.4478/1D.4529/stack_pws.h5,0.000522
1D.4529,1D.4484,17.693172,/mnt/data_hdd/MSH_ANT/stack/2014/1D_WANG_PWS_150s_20260620/STACK/1D.4484/1D.4529/stack_pws.h5,/mnt/data_hdd/MSH_ANT/parameter_tests/1d_moveout_before_after_spike_removal_20260625_fixed/stack_cleaned_subset/1D.4484/1D.4529/stack_pws.h5,0.000094
1D.4529,1D.4485,17.816281,/mnt/data_hdd/MSH_ANT/stack/2014/1D_WANG_PWS_150s_20260620/STACK/1D.4485/1D.4529/stack_pws.h5,/mnt/data_hdd/MSH_ANT/parameter_tests/1d_moveout_before_after_spike_removal_20260625_fixed/stack_cleaned_subset/1D.4485/1D.4529/stack_pws.h5,0.000269
1D.4529,1D.4486,17.909636,/mnt/data_hdd/MSH_ANT/stack/2014/1D_WANG_PWS_150s_20260620/STACK/1D.4486/1D.4529/stack_pws.h5,/mnt/data_hdd/MSH_ANT/parameter_tests/1d_moveout_before_after_spike_removal_20260625_fixed/stack_cleaned_subset/1D.4486/1D.4529/stack_pws.h5,0.000080
1D.4529,1D.4479,17.969216,/mnt/data_hdd/MSH_ANT/stack/2014/1D_WANG_PWS_150s_20260620/STACK/1D.4479/1D.4529/stack_pws.h5,/mnt/data_hdd/MSH_ANT/parameter_tests/1d_moveout_before_after_spike_removal_20260625_fixed/stack_cleaned_subset/1D.4479/1D.4529/stack_pws.h5,0.000010
1D.4529,1D.4487,18.036406,/mnt/data_hdd/MSH_ANT/stack/2014/1D_WANG_PWS_150s_20260620/STACK/1D.4487/1D.4529/stack_pws.h5,/mnt/data_hdd/MSH_ANT/parameter_tests/1d_moveout_before_after_spike_removal_20260625_fixed/stack_cleaned_subset/1D.4487/1D.4529/stack_pws.h5,-0.000048
1D.4529,1D.4499,18.148402,/mnt/data_hdd/MSH_ANT/stack/2014/1D_WANG_PWS_150s_20260620/STACK/1D.4499/1D.4529/stack_pws.h5,/mnt/data_hdd/MSH_ANT/parameter_tests/1d_moveout_before_after_spike_removal_20260625_fixed/stack_cleaned_subset/1D.4499/1D.4529/stack_pws.h5,-0.000128
1D.4529,1D.4488,18.184543,/mnt/data_hdd/MSH_ANT/stack/2014/1D_WANG_PWS_150s_20260620/STACK/1D.4488/1D.4529/stack_pws.h5,/mnt/data_hdd/MSH_ANT/parameter_tests/1d_moveout_before_after_spike_removal_20260625_fixed/stack_cleaned_subset/1D.4488/1D.4529/stack_pws.h5,-0.000288
1D.4529,1D.4489,18.351925,/mnt/data_hdd/MSH_ANT/stack/2014/1D_WANG_PWS_150s_20260620/STACK/1D.4489/1D.4529/stack_pws.h5,/mnt/data_hdd/MSH_ANT/parameter_tests/1d_moveout_before_after_spike_removal_20260625_fixed/stack_cleaned_subset/1D.4489/1D.4529/stack_pws.h5,-0.000064
1D.4529,1D.4500,18.369236,/mnt/data_hdd/MSH_ANT/stack/2014/1D_WANG_PWS_150s_20260620/STACK/1D.4500/1D.4529/stack_pws.h5,/mnt/data_hdd/MSH_ANT/parameter_tests/1d_moveout_before_after_spike_removal_20260625_fixed/stack_cleaned_subset/1D.4500/1D.4529/stack_pws.h5,-0.000406
1D.4529,1D.4490,18.492381,/mnt/data_hdd/MSH_ANT/stack/2014/1D_WANG_PWS_150s_20260620/STACK/1D.4490/1D.4529/stack_pws.h5,/mnt/data_hdd/MSH_ANT/parameter_tests/1d_moveout_before_after_spike_removal_20260625_fixed/stack_cleaned_subset/1D.4490/1D.4529/stack_pws.h5,0.000386
1D.4529,1D.4501,18.619152,/mnt/data_hdd/MSH_ANT/stack/2014/1D_WANG_PWS_150s_20260620/STACK/1D.4501/1D.4529/stack_pws.h5,/mnt/data_hdd/MSH_ANT/parameter_tests/1d_moveout_before_after_spike_removal_20260625_fixed/stack_cleaned_subset/1D.4501/1D.4529/stack_pws.h5,0.000626
1D.4529,1D.4502,18.905081,/mnt/data_hdd/MSH_ANT/stack/2014/1D_WANG_PWS_150s_20260620/STACK/1D.4502/1D.4529/stack_pws.h5,/mnt/data_hdd/MSH_ANT/parameter_tests/1d_moveout_before_after_spike_removal_20260625_fixed/stack_cleaned_subset/1D.4502/1D.4529/stack_pws.h5,-0.000487
1D.4529,1D.4530,19.103483,/mnt/data_hdd/MSH_ANT/stack/2014/1D_WANG_PWS_150s_20260620/STACK/1D.4529/1D.4530/stack_pws.h5,/mnt/data_hdd/MSH_ANT/parameter_tests/1d_moveout_before_after_spike_removal_20260625_fixed/stack_cleaned_subset/1D.4529/1D.4530/stack_pws.h5,-0.000022
1D.4529,1D.4503,19.112805,/mnt/data_hdd/MSH_ANT/stack/2014/1D_WANG_PWS_150s_20260620/STACK/1D.4503/1D.4529/stack_pws.h5,/mnt/data_hdd/MSH_ANT/parameter_tests/1d_moveout_before_after_spike_removal_20260625_fixed/stack_cleaned_subset/1D.4503/1D.4529/stack_pws.h5,-0.000428
1D.4529,1D.4504,19.204348,/mnt/data_hdd/MSH_ANT/stack/2014/1D_WANG_PWS_150s_20260620/STACK/1D.4504/1D.4529/stack_pws.h5,/mnt/data_hdd/MSH_ANT/parameter_tests/1d_moveout_before_after_spike_removal_20260625_fixed/stack_cleaned_subset/1D.4504/1D.4529/stack_pws.h5,-0.000116
1D.4529,1D.4505,19.266236,/mnt/data_hdd/MSH_ANT/stack/2014/1D_WANG_PWS_150s_20260620/STACK/1D.4505/1D.4529/stack_pws.h5,/mnt/data_hdd/MSH_ANT/parameter_tests/1d_moveout_before_after_spike_removal_20260625_fixed/stack_cleaned_subset/1D.4505/1D.4529/stack_pws.h5,-0.000553
1D.4529,1D.4531,19.329612,/mnt/data_hdd/MSH_ANT/stack/2014/1D_WANG_PWS_150s_20260620/STACK/1D.4529/1D.4531/stack_pws.h5,/mnt/data_hdd/MSH_ANT/parameter_tests/1d_moveout_before_after_spike_removal_20260625_fixed/stack_cleaned_subset/1D.4529/1D.4531/stack_pws.h5,-0.000299
1D.4529,1D.4506,19.486655,/mnt/data_hdd/MSH_ANT/stack/2014/1D_WANG_PWS_150s_20260620/STACK/1D.4506/1D.4529/stack_pws.h5,/mnt/data_hdd/MSH_ANT/parameter_tests/1d_moveout_before_after_spike_removal_20260625_fixed/stack_cleaned_subset/1D.4506/1D.4529/stack_pws.h5,0.000085
1D.4529,1D.4507,19.735039,/mnt/data_hdd/MSH_ANT/stack/2014/1D_WANG_PWS_150s_20260620/STACK/1D.4507/1D.4529/stack_pws.h5,/mnt/data_hdd/MSH_ANT/parameter_tests/1d_moveout_before_after_spike_removal_20260625_fixed/stack_cleaned_subset/1D.4507/1D.4529/stack_pws.h5,0.000050
1D.4529,1D.4508,19.956070,/mnt/data_hdd/MSH_ANT/stack/2014/1D_WANG_PWS_150s_20260620/STACK/1D.4508/1D.4529/stack_pws.h5,/mnt/data_hdd/MSH_ANT/parameter_tests/1d_moveout_before_after_spike_removal_20260625_fixed/stack_cleaned_subset/1D.4508/1D.4529/stack_pws.h5,0.000089
1D.4529,1D.4509,20.082422,/mnt/data_hdd/MSH_ANT/stack/2014/1D_WANG_PWS_150s_20260620/STACK/1D.4509/1D.4529/stack_pws.h5,/mnt/data_hdd/MSH_ANT/parameter_tests/1d_moveout_before_after_spike_removal_20260625_fixed/stack_cleaned_subset/1D.4509/1D.4529/stack_pws.h5,0.000451
1D.4529,1D.4511,20.178424,/mnt/data_hdd/MSH_ANT/stack/2014/1D_WANG_PWS_150s_20260620/STACK/1D.4511/1D.4529/stack_pws.h5,/mnt/data_hdd/MSH_ANT/parameter_tests/1d_moveout_before_after_spike_removal_20260625_fixed/stack_cleaned_subset/1D.4511/1D.4529/stack_pws.h5,0.000042
1D.4529,1D.4510,20.202145,/mnt/data_hdd/MSH_ANT/stack/2014/1D_WANG_PWS_150s_20260620/STACK/1D.4510/1D.4529/stack_pws.h5,/mnt/data_hdd/MSH_ANT/parameter_tests/1d_moveout_before_after_spike_removal_20260625_fixed/stack_cleaned_subset/1D.4510/1D.4529/stack_pws.h5,0.000086
