station_code,longitude,latitude
1D.4001,-122.18949900000001,46.166599
1D.4003,-122.183998,46.1665
1D.4004,-122.182297,46.1646
1D.4005,-122.182198,46.162701
1D.4006,-122.180397,46.1609
1D.4007,-122.178101,46.159698
1D.4008,-122.175903,46.158901
1D.4009,-122.173203,46.1586
1D.4010,-122.170502,46.157501
1D.4012,-122.1642,46.157501
1D.4013,-122.16229999999999,46.1567
1D.4014,-122.16139999999999,46.155102
1D.4015,-122.15830199999999,46.153702
1D.4016,-122.154404,46.1549
1D.4017,-122.15280200000001,46.1567
1D.4018,-122.151497,46.158798
1D.4019,-122.149498,46.161499
1D.4020,-122.147697,46.163799
1D.4021,-122.147797,46.165501
1D.4022,-122.145599,46.1665
1D.4023,-122.14409599999999,46.167702
1D.4024,-122.145599,46.1698
1D.4025,-122.147797,46.171101
1D.4026,-122.149101,46.1721
1D.4027,-122.14859799999999,46.173401
1D.4028,-122.14800299999999,46.1749
1D.4029,-122.147797,46.176102
1D.4030,-122.14610300000001,46.177601
1D.4031,-122.147202,46.179298
1D.4032,-122.1464,46.181801
1D.4033,-122.14749900000001,46.183601
1D.4034,-122.14790300000001,46.1852
1D.4035,-122.14669799999999,46.186699
1D.4036,-122.1465,46.188301
1D.4037,-122.146301,46.189499
1D.4038,-122.14499699999999,46.190399
1D.4039,-122.14350099999999,46.191002
1D.4040,-122.14250200000001,46.192001
1D.4041,-122.14009899999999,46.192501
1D.4042,-122.13719900000001,46.192799
1D.4043,-122.1353,46.194199
1D.4044,-122.1362,46.195599
1D.4045,-122.139198,46.196701
1D.4046,-122.13909899999999,46.198002
1D.4047,-122.138496,46.199799
1D.4048,-122.13580300000001,46.200199
1D.4049,-122.135696,46.2019
1D.4050,-122.136597,46.203499
1D.4051,-122.13690199999999,46.205502
1D.4052,-122.13670300000001,46.207802
1D.4053,-122.138,46.2099
1D.4054,-122.138702,46.211601
1D.4055,-122.139297,46.212898
1D.4056,-122.141899,46.212799
1D.4057,-122.14409599999999,46.212799
1D.4058,-122.14679699999999,46.212799
1D.4060,-122.150803,46.2146
1D.4061,-122.153603,46.216202
1D.4062,-122.15339700000001,46.217999
1D.4063,-122.1549,46.219601
1D.4064,-122.15599800000001,46.220699
1D.4065,-122.1576,46.223
1D.4067,-122.16000399999999,46.2257
1D.4068,-122.16050000000001,46.226398
1D.4069,-122.160797,46.227299
1D.4070,-122.15959899999999,46.227901
1D.4071,-122.159302,46.228901
1D.4072,-122.161697,46.227699
1D.4073,-122.162804,46.227501
1D.4075,-122.16750300000001,46.228401
1D.4076,-122.16980000000001,46.228001
1D.4077,-122.172203,46.228298
1D.4078,-122.174004,46.229401
1D.4080,-122.178101,46.232899
1D.4081,-122.17790199999999,46.234501
1D.4082,-122.17780300000001,46.236099
1D.4083,-122.17700199999999,46.237301
1D.4084,-122.176399,46.238701
1D.4086,-122.175003,46.238998
1D.4093,-122.20200299999999,46.237999
1D.4094,-122.20500200000001,46.238098
1D.4095,-122.208,46.237202
1D.4096,-122.21099899999999,46.2369
1D.4097,-122.21230299999999,46.234901
1D.4098,-122.213303,46.2327
1D.4100,-122.21890300000001,46.230999
1D.4101,-122.22219799999999,46.231602
1D.4102,-122.223297,46.229599
1D.4103,-122.224197,46.228001
1D.4104,-122.22399899999999,46.2258
1D.4105,-122.22339600000001,46.223598
1D.4106,-122.22709699999999,46.223701
1D.4107,-122.23049900000001,46.222698
1D.4108,-122.232697,46.2216
1D.4109,-122.23490100000001,46.219799
1D.4110,-122.235802,46.217999
1D.4111,-122.23670200000001,46.215698
1D.4112,-122.2407,46.214802
1D.4115,-122.252197,46.210201
1D.4116,-122.25209799999999,46.209202
1D.4117,-122.24900099999999,46.207802
1D.4118,-122.24629999999999,46.206799
1D.4119,-122.243301,46.206799
1D.4120,-122.24130199999999,46.205799
1D.4121,-122.239601,46.2062
1D.4122,-122.237198,46.205399
1D.4123,-122.23500100000001,46.205002
1D.4124,-122.233398,46.2043
1D.4125,-122.23419999999999,46.2029
1D.4126,-122.23500100000001,46.201099
1D.4127,-122.234299,46.1992
1D.4128,-122.237,46.197498
1D.4129,-122.237,46.1959
1D.4130,-122.23760200000001,46.194302
1D.4131,-122.23670200000001,46.192101
1D.4132,-122.234299,46.190201
1D.4133,-122.23069799999999,46.1903
1D.4134,-122.23000300000001,46.187801
1D.4135,-122.227303,46.186199
1D.4136,-122.223701,46.184799
1D.4137,-122.223198,46.182499
1D.4138,-122.222702,46.180302
1D.4139,-122.220901,46.178398
1D.4140,-122.219101,46.176102
1D.4141,-122.217499,46.175499
1D.4150,-122.19760099999999,46.165401
1D.4151,-122.196098,46.1633
1D.4152,-122.192902,46.163399
1D.4154,-122.19139899999999,46.162102
1D.4155,-122.19229899999999,46.159801
1D.4156,-122.192902,46.157398
1D.4157,-122.18959799999999,46.156399
1D.4158,-122.1866,46.155399
1D.4159,-122.18540200000001,46.153301
1D.4160,-122.18499800000001,46.151402
1D.4161,-122.1856,46.149799
1D.4162,-122.18550099999999,46.148399
1D.4163,-122.184303,46.1469
1D.4169,-122.18609599999999,46.142799
1D.4170,-122.18949900000001,46.143799
1D.4171,-122.191902,46.145302
1D.4172,-122.19300100000001,46.147301
1D.4173,-122.19539599999999,46.145302
1D.4174,-122.19760099999999,46.144299
1D.4175,-122.200897,46.1436
1D.4176,-122.20429999999999,46.143398
1D.4177,-122.20659599999999,46.1413
1D.4178,-122.20919799999999,46.1404
1D.4179,-122.2099,46.1394
1D.4180,-122.212502,46.1385
1D.4181,-122.21369899999999,46.1367
1D.4182,-122.20700099999999,46.139999
1D.4183,-122.203903,46.1399
1D.4184,-122.20069899999999,46.139801
1D.4185,-122.19830300000001,46.1395
1D.4186,-122.1959,46.139801
1D.4187,-122.195,46.139198
1D.4188,-122.194199,46.138
1D.4189,-122.19309999999999,46.137901
1D.4190,-122.191498,46.137798
1D.4191,-122.190201,46.1376
1D.4192,-122.189201,46.1366
1D.4193,-122.19090299999999,46.136398
1D.4194,-122.19129899999999,46.135899
1D.4195,-122.19170399999999,46.135101
1D.4200,-122.19580099999999,46.1385
1D.4201,-122.19580099999999,46.1376
1D.4202,-122.19560200000001,46.136799
1D.4203,-122.19580099999999,46.1357
1D.4204,-122.1959,46.1348
1D.4205,-122.19229899999999,46.1339
1D.4206,-122.191902,46.134602
1D.4207,-122.196899,46.138802
1D.4208,-122.196503,46.133999
1D.4209,-122.196999,46.131599
1D.4210,-122.19619800000001,46.129799
1D.4211,-122.193398,46.129299
1D.4212,-122.19120000000001,46.1278
1D.4213,-122.18450200000001,46.1278
1D.4214,-122.183899,46.129101
1D.4215,-122.18150299999999,46.130199
1D.4216,-122.17839799999999,46.130299
1D.4217,-122.174103,46.129101
1D.4218,-122.16940299999999,46.131199
1D.4219,-122.219597,46.174599
1D.4220,-122.22219799999999,46.172901
1D.4221,-122.223297,46.171001
1D.4222,-122.227303,46.171501
1D.4223,-122.22789800000001,46.168701
1D.4224,-122.22799699999999,46.166698
1D.4225,-122.23059799999999,46.165401
1D.4226,-122.22969800000001,46.162601
1D.4227,-122.22740200000001,46.161999
1D.4228,-122.22740200000001,46.160702
1D.4229,-122.230301,46.158298
1D.4230,-122.232201,46.156502
1D.4231,-122.233002,46.154999
1D.4232,-122.233498,46.153099
1D.4233,-122.233902,46.152
1D.4234,-122.23410000000001,46.1507
1D.4235,-122.235703,46.150002
1D.4236,-122.236198,46.148499
1D.4237,-122.23599999999999,46.146599
1D.4238,-122.23500100000001,46.1441
1D.4239,-122.23670200000001,46.150501
1D.4240,-122.23950199999999,46.1506
1D.4241,-122.241997,46.152199
1D.4242,-122.242798,46.154099
1D.4243,-122.24449899999999,46.1558
1D.4244,-122.24629999999999,46.158199
1D.4245,-122.24800099999999,46.1605
1D.4246,-122.24890099999999,46.161499
1D.4247,-122.250504,46.163898
1D.4248,-122.25150300000001,46.164902
1D.4249,-122.25250199999999,46.165699
1D.4250,-122.25370000000001,46.1665
1D.4251,-122.25389899999999,46.1674
1D.4252,-122.255402,46.165699
1D.4253,-122.254997,46.167301
1D.4254,-122.255898,46.1675
1D.4255,-122.256798,46.167599
1D.4256,-122.257599,46.1679
1D.4257,-122.256104,46.168098
1D.4258,-122.255302,46.1684
1D.4259,-122.25550100000001,46.1689
1D.4260,-122.256203,46.167099
1D.4261,-122.256104,46.1665
1D.4262,-122.256203,46.166
1D.4263,-122.25649999999999,46.165501
1D.4264,-122.255302,46.165901
1D.4265,-122.255898,46.165298
1D.4266,-122.25330400000001,46.167599
1D.4267,-122.25280000000001,46.168098
1D.4268,-122.25209799999999,46.1684
1D.4269,-122.25470000000001,46.169399
1D.4270,-122.25119799999999,46.1688
1D.4271,-122.258003,46.168098
1D.4272,-122.257004,46.164799
1D.4273,-122.259003,46.168499
1D.4274,-122.120499,46.142101
1D.4275,-122.122803,46.1446
1D.4276,-122.12750199999999,46.145901
1D.4277,-122.13149999999999,46.144901
1D.4278,-122.1353,46.1441
1D.4279,-122.138802,46.143299
1D.4280,-122.14260100000001,46.142101
1D.4281,-122.1437,46.139801
1D.4282,-122.145103,46.144199
1D.4283,-122.14430200000001,46.146301
1D.4284,-122.14620199999999,46.1469
1D.4285,-122.14679699999999,46.148998
1D.4286,-122.14939899999999,46.149601
1D.4287,-122.151398,46.149101
1D.4288,-122.153503,46.148102
1D.4289,-122.1567,46.147999
1D.4290,-122.154404,46.150101
1D.4291,-122.15199999999999,46.152199
1D.4292,-122.150597,46.153801
1D.4293,-122.149002,46.155899
1D.4294,-122.14620199999999,46.157398
1D.4295,-122.14359999999999,46.157101
1D.4296,-122.140701,46.1562
1D.4297,-122.14579800000001,46.151001
1D.4298,-122.142303,46.1516
1D.4299,-122.138702,46.151299
1D.4300,-122.13719900000001,46.150299
1D.4301,-122.135696,46.149502
1D.4302,-122.1343,46.1492
1D.4303,-122.13330099999999,46.149101
1D.4304,-122.1325,46.1488
1D.4305,-122.13189700000001,46.148102
1D.4306,-122.13140100000001,46.1474
1D.4307,-122.130898,46.146801
1D.4308,-122.13310200000001,46.149502
1D.4309,-122.133598,46.150299
1D.4310,-122.13459800000001,46.1511
1D.4311,-122.13510099999999,46.151798
1D.4312,-122.1353,46.1525
1D.4313,-122.17160000000001,46.138199
1D.4314,-122.17030299999999,46.1408
1D.4315,-122.16799900000001,46.1451
1D.4316,-122.16989899999999,46.148201
1D.4318,-122.16639699999999,46.135799
1D.4319,-122.136101,46.1535
1D.4320,-122.138397,46.155201
1D.4321,-122.147697,46.1371
1D.4322,-122.152702,46.136101
1D.4323,-122.15720400000001,46.136299
1D.4324,-122.162102,46.1367
1D.4325,-122.16580200000001,46.136002
1D.4326,-122.16629800000001,46.133598
1D.4327,-122.17120399999999,46.1366
1D.4328,-122.171402,46.1395
1D.4329,-122.170502,46.1422
1D.4330,-122.171097,46.144798
1D.4331,-122.169701,46.146599
1D.4332,-122.169296,46.149101
1D.4333,-122.16909799999999,46.151199
1D.4334,-122.169296,46.153301
1D.4335,-122.17030299999999,46.155499
1D.4336,-122.25119799999999,46.1334
1D.4337,-122.25199900000001,46.1297
1D.4338,-122.256104,46.134102
1D.4339,-122.25969699999999,46.132999
1D.4340,-122.25910200000001,46.129501
1D.4341,-122.262901,46.128799
1D.4342,-122.266899,46.128899
1D.4343,-122.26859999999999,46.127102
1D.4344,-122.27110300000001,46.126598
1D.4345,-122.265602,46.1273
1D.4346,-122.26450299999999,46.125401
1D.4347,-122.24960300000001,46.127499
1D.4348,-122.24790200000001,46.125
1D.4349,-122.245003,46.123001
1D.4350,-122.241501,46.124199
1D.4351,-122.23950199999999,46.1222
1D.4352,-122.2379,46.1199
1D.4353,-122.23370399999999,46.119499
1D.4354,-122.23320000000001,46.117699
1D.4355,-122.23100299999999,46.115501
1D.4356,-122.22889699999999,46.1134
1D.4357,-122.226303,46.1119
1D.4358,-122.22290000000001,46.110199
1D.4359,-122.218399,46.111198
1D.4360,-122.21990199999999,46.108101
1D.4361,-122.216003,46.108002
1D.4362,-122.21230299999999,46.1078
1D.4363,-122.21489700000001,46.105701
1D.4364,-122.21620200000001,46.1036
1D.4365,-122.21459999999999,46.101101
1D.4366,-122.211197,46.098801
1D.4367,-122.2089,46.0961
1D.4369,-122.21109799999999,46.091202
1D.4372,-122.208099,46.1007
1D.4373,-122.2062,46.104198
1D.4374,-122.204903,46.1073
1D.4375,-122.20519999999999,46.1096
1D.4376,-122.204399,46.1115
1D.4377,-122.203102,46.113201
1D.4378,-122.203903,46.116402
1D.4379,-122.205704,46.118801
1D.4380,-122.2071,46.122799
1D.4381,-122.187599,46.124901
1D.4382,-122.189697,46.122501
1D.4383,-122.191803,46.120499
1D.4384,-122.194603,46.118999
1D.4386,-122.20110299999999,46.119099
1D.4387,-122.20510100000001,46.120998
1D.4388,-122.20950300000001,46.119999
1D.4389,-122.213402,46.1208
1D.4390,-122.213402,46.124802
1D.4391,-122.21189899999999,46.1278
1D.4392,-122.210197,46.131001
1D.4393,-122.213203,46.133099
1D.4394,-122.21759800000001,46.1367
1D.4395,-122.22160299999999,46.1395
1D.4396,-122.22479999999999,46.1418
1D.4397,-122.2295,46.143501
1D.4399,-122.23069799999999,46.148998
1D.4400,-122.23919699999999,46.143799
1D.4401,-122.24350000000001,46.142799
1D.4402,-122.24700200000001,46.1423
1D.4403,-122.25070199999999,46.141399
1D.4404,-122.254501,46.141998
1D.4405,-122.2584,46.140999
1D.4406,-122.262802,46.1418
1D.4407,-122.267097,46.1422
1D.4408,-122.2705,46.143902
1D.4409,-122.27259799999999,46.145302
1D.4410,-122.275703,46.147701
1D.4411,-122.2836,46.1465
1D.4412,-122.279999,46.146198
1D.4413,-122.285698,46.2365
1D.4414,-122.27690100000001,46.1516
1D.4415,-122.27420000000001,46.153
1D.4416,-122.27169799999999,46.154499
1D.4417,-122.27210199999999,46.155399
1D.4418,-122.286598,46.233898
1D.4419,-122.27210199999999,46.150398
1D.4420,-122.26999699999999,46.153
1D.4421,-122.26840200000001,46.155102
1D.4422,-122.266602,46.157299
1D.4423,-122.26540399999999,46.159401
1D.4424,-122.26400000000001,46.161499
1D.4425,-122.26310000000001,46.164001
1D.4426,-122.26229900000001,46.166199
1D.4427,-122.26129900000001,46.167801
1D.4428,-122.262901,46.1702
1D.4429,-122.26499899999999,46.171398
1D.4430,-122.26889800000001,46.1716
1D.4431,-122.2714,46.173801
1D.4432,-122.273697,46.175701
1D.4433,-122.277199,46.175701
1D.4434,-122.27880099999999,46.177502
1D.4435,-122.27870200000001,46.18
1D.4436,-122.281799,46.180801
1D.4437,-122.284401,46.181801
1D.4438,-122.283096,46.183201
1D.4439,-122.28130300000001,46.185001
1D.4440,-122.279099,46.186401
1D.4441,-122.2799,46.1884
1D.4442,-122.279999,46.190399
1D.4443,-122.27619899999999,46.189999
1D.4444,-122.27359799999999,46.1889
1D.4445,-122.27290300000001,46.191399
1D.4446,-122.274002,46.193699
1D.4447,-122.27610000000001,46.195702
1D.4448,-122.273201,46.1922
1D.4449,-122.28019699999999,46.1894
1D.4450,-122.28220400000001,46.184601
1D.4451,-122.28589600000001,46.181599
1D.4452,-122.28050200000001,46.180801
1D.4453,-122.2789,46.176899
1D.4454,-122.130898,46.194099
1D.4455,-122.12840299999999,46.192902
1D.4456,-122.12519800000001,46.191799
1D.4457,-122.122299,46.191101
1D.4458,-122.120499,46.189098
1D.4459,-122.11689799999999,46.188499
1D.4460,-122.115196,46.186501
1D.4461,-122.114304,46.184799
1D.4463,-122.10820000000001,46.182701
1D.4464,-122.10649900000001,46.181
1D.4465,-122.10510300000001,46.1782
1D.4466,-122.099998,46.1777
1D.4467,-122.09800000000001,46.174801
1D.4468,-122.098297,46.1717
1D.4469,-122.098503,46.168598
1D.4470,-122.09709899999999,46.166302
1D.4471,-122.09310199999999,46.165501
1D.4472,-122.116096,46.144299
1D.4473,-122.11260200000001,46.146999
1D.4474,-122.109497,46.1493
1D.4475,-122.10690299999999,46.151001
1D.4476,-122.105301,46.153198
1D.4477,-122.102699,46.155201
1D.4478,-122.10109700000001,46.157398
1D.4479,-122.09760299999999,46.1586
1D.4480,-122.09670299999999,46.160198
1D.4481,-122.09539799999999,46.161701
1D.4482,-122.09349800000001,46.162899
1D.4483,-122.09089700000001,46.164501
1D.4484,-122.100502,46.153301
1D.4485,-122.098701,46.151299
1D.4486,-122.097298,46.148899
1D.4487,-122.095497,46.146099
1D.4488,-122.09349800000001,46.1437
1D.4489,-122.09130099999999,46.141399
1D.4490,-122.08949999999999,46.139099
1D.4495,-122.139397,46.138
1D.4496,-122.13099700000001,46.138302
1D.4497,-122.12609900000001,46.1404
1D.4499,-122.0951,46.157501
1D.4500,-122.092003,46.155899
1D.4501,-122.08850100000001,46.153801
1D.4502,-122.08460199999999,46.152
1D.4503,-122.081703,46.149502
1D.4504,-122.080399,46.147598
1D.4505,-122.079498,46.145302
1D.4506,-122.07659899999999,46.143902
1D.4507,-122.07340199999999,46.145
1D.4508,-122.07060200000001,46.1469
1D.4509,-122.06890100000001,46.145302
1D.4510,-122.06729899999999,46.1432
1D.4511,-122.06759600000001,46.140701
1D.4512,-122.06670399999999,46.138
1D.4513,-122.066101,46.135601
1D.4514,-122.065598,46.133301
1D.4515,-122.062401,46.132401
1D.4516,-122.05909700000001,46.132
1D.4517,-122.05909700000001,46.129501
1D.4518,-122.05460400000001,46.129398
1D.4519,-122.05020099999999,46.129501
1D.4520,-122.2892,46.146301
1D.4521,-122.2938,46.147499
1D.4522,-122.29799700000001,46.147202
1D.4523,-122.3032,46.149101
1D.4524,-122.307999,46.150002
1D.4525,-122.31279799999999,46.148399
1D.4526,-122.316803,46.146599
1D.4527,-122.32060200000001,46.144901
1D.4528,-122.326202,46.1432
1D.4529,-122.329498,46.141102
1D.4530,-122.08249699999999,46.156399
1D.4531,-122.079803,46.158298
1D.4532,-122.07790399999999,46.1604
1D.4533,-122.07469900000001,46.162498
1D.4534,-122.0709,46.164101
1D.4535,-122.06670399999999,46.165001
1D.4536,-122.0625,46.1647
1D.4537,-122.058197,46.165298
1D.4538,-122.05429799999999,46.1646
1D.4539,-122.05010200000001,46.164501
1D.4540,-122.04669999999999,46.166
1D.4543,-122.05950200000001,46.1866
1D.4544,-122.06150099999999,46.187599
1D.4545,-122.061699,46.186798
1D.4546,-122.0634,46.186199
1D.4547,-122.064796,46.186798
1D.4548,-122.06279799999999,46.188202
1D.4549,-122.06620000000001,46.187401
1D.4550,-122.067398,46.188
1D.4551,-122.06800100000001,46.188702
1D.4554,-122.06390400000001,46.188999
1D.4555,-122.06549799999999,46.189201
1D.4556,-122.066597,46.189999
1D.4557,-122.06800100000001,46.191002
1D.4558,-122.068298,46.192299
1D.4559,-122.043701,46.168701
1D.4561,-122.070099,46.193901
1D.4562,-122.072899,46.195702
1D.4563,-122.07440199999999,46.196899
1D.4564,-122.076698,46.198799
1D.4565,-122.078201,46.200802
1D.4566,-122.080704,46.202599
1D.4567,-122.08319900000001,46.203999
1D.4568,-122.0858,46.205502
1D.4569,-122.087402,46.207001
1D.4570,-122.087502,46.209801
1D.4571,-122.088402,46.212101
1D.4572,-122.089302,46.2146
1D.4574,-122.08959999999999,46.220001
1D.4576,-122.09120200000001,46.224201
1D.4577,-122.09120200000001,46.226299
1D.4578,-122.09269699999999,46.228802
1D.4579,-122.09449799999999,46.2313
1D.4580,-122.097801,46.2323
1D.4581,-122.100098,46.233601
1D.4582,-122.10250099999999,46.235001
1D.4583,-122.1045,46.236301
1D.4584,-122.10109700000001,46.236301
1D.4585,-122.098297,46.236801
1D.4586,-122.09629799999999,46.237999
1D.4587,-122.0951,46.239601
1D.4588,-122.09670299999999,46.2407
1D.4589,-122.099503,46.240299
1D.4590,-122.101799,46.241299
1D.4591,-122.10199700000001,46.243401
1D.4592,-122.10320300000001,46.244099
1D.4593,-122.10430099999999,46.245201
1D.4594,-122.1026,46.246399
1D.4595,-122.103699,46.248199
1D.4596,-122.10469800000001,46.2495
1D.4597,-122.10520199999999,46.250999
1D.4598,-122.105797,46.251801
1D.4599,-122.10600299999999,46.253101
1D.4600,-122.10469800000001,46.2542
1D.4601,-122.10549900000001,46.2556
1D.4602,-122.106796,46.256802
1D.4603,-122.10739899999999,46.255901
1D.4604,-122.10820000000001,46.255299
1D.4605,-122.109497,46.256302
1D.4606,-122.111099,46.2575
1D.4607,-122.11409800000001,46.258202
1D.4608,-122.116402,46.258202
1D.4609,-122.114799,46.2603
1D.4610,-122.11370099999999,46.262501
1D.4611,-122.11260200000001,46.265099
1D.4612,-122.111603,46.266899
1D.4613,-122.111099,46.268398
1D.4614,-122.110199,46.270802
1D.4615,-122.10910000000001,46.272499
1D.4617,-122.100998,46.273602
1D.4623,-122.096397,46.2822
1D.4624,-122.09539799999999,46.283798
1D.4625,-122.09349800000001,46.285702
1D.4626,-122.09220099999999,46.287399
1D.4631,-122.099098,46.2826
1D.4632,-122.097397,46.2841
1D.4633,-122.09790000000001,46.2854
1D.4634,-122.279099,46.1758
1D.4635,-122.278099,46.178699
1D.4636,-122.27799999999999,46.190498
1D.4637,-122.272697,46.1898
1D.4651,-122.287102,46.2328
1D.4652,-122.282997,46.233398
1D.4653,-122.28150199999999,46.232201
1D.4654,-122.278603,46.23
1D.4655,-122.272202,46.126099
1D.4656,-122.270103,46.1255
1D.4657,-122.26809700000001,46.1278
1D.4658,-122.265602,46.129002
1D.4659,-122.263702,46.128201
1D.4660,-122.26509899999999,46.1264
1D.4679,-122.263901,46.285599
1D.4680,-122.272202,46.289501
1D.4681,-122.25689700000001,46.298801
1D.4682,-122.255203,46.2999
1D.4683,-122.17669699999999,46.2868
1D.4684,-122.175499,46.285
1D.4685,-122.173203,46.283001
1D.4686,-122.171303,46.280102
1D.4687,-122.17340100000001,46.279701
1D.4689,-122.173302,46.275902
1D.4690,-122.17340100000001,46.2728
1D.4691,-122.175499,46.277699
1D.4692,-122.179001,46.277
1D.4693,-122.180901,46.2761
1D.4694,-122.182602,46.2756
1D.4695,-122.183197,46.274799
1D.4696,-122.18370100000001,46.273998
1D.4697,-122.18360100000001,46.273701
1D.4698,-122.183403,46.273201
1D.4699,-122.182999,46.2728
1D.4700,-122.18180100000001,46.272701
1D.4701,-122.27120199999999,46.278801
1D.4702,-122.27430000000001,46.2869
1D.4703,-122.184898,46.273102
1D.4704,-122.24359899999999,46.2868
1D.4705,-122.18599699999999,46.271999
1D.4706,-122.181297,46.272099
1D.4707,-122.18180100000001,46.2761
1D.4708,-122.17919900000001,46.271
1D.4709,-122.177696,46.269299
1D.4710,-122.177101,46.266701
1D.4711,-122.17659800000001,46.264702
1D.4712,-122.175903,46.262501
1D.4713,-122.17489599999999,46.259499
1D.4714,-122.17530099999999,46.2565
1D.4715,-122.17259999999999,46.254902
1D.4716,-122.172302,46.2528
1D.4717,-122.172203,46.251801
1D.4718,-122.16999799999999,46.2491
1D.4719,-122.16860199999999,46.248299
1D.4720,-122.16709900000001,46.2472
1D.4721,-122.16549699999999,46.243801
1D.4722,-122.1642,46.241901
1D.4723,-122.16149899999999,46.241001
1D.4729,-122.15239700000001,46.229599
1D.4730,-122.15509800000001,46.2313
1D.4731,-122.157097,46.229301
1D.4732,-122.16750300000001,46.2425
1D.4733,-122.170998,46.241501
1D.4734,-122.173103,46.2402
1D.4735,-122.14849899999999,46.23
1D.4736,-122.147301,46.227798
1D.4737,-122.147697,46.225399
1D.4738,-122.14839900000001,46.222801
1D.4739,-122.14749900000001,46.220699
1D.4740,-122.14440200000001,46.218899
1D.4741,-122.14089999999999,46.217499
1D.4742,-122.13990000000001,46.215801
1D.4743,-122.13909899999999,46.214199
1D.4745,-122.150002,46.236099
1D.4746,-122.1464,46.2369
1D.4747,-122.14450099999999,46.238201
1D.4748,-122.14009899999999,46.2383
1D.4749,-122.138397,46.239498
1D.4750,-122.13729900000001,46.241901
1D.4751,-122.13680299999999,46.244701
1D.4752,-122.13459800000001,46.247002
1D.4753,-122.1362,46.249599
1D.4754,-122.13410200000001,46.251701
1D.4755,-122.132004,46.253899
1D.4756,-122.12740299999999,46.254002
1D.4757,-122.1241,46.253201
1D.4758,-122.120903,46.253899
1D.4759,-122.118202,46.252102
1D.4760,-122.118698,46.255402
1D.4761,-122.11810299999999,46.257099
1D.4762,-122.088799,46.288101
1D.4763,-122.087196,46.2859
1D.4764,-122.087402,46.283501
1D.4765,-122.083801,46.2817
1D.4766,-122.080399,46.281101
1D.4767,-122.080399,46.279301
1D.4768,-122.08689899999999,46.279598
1D.4769,-122.08249699999999,46.277802
1D.4770,-122.08329800000001,46.2757
1D.4771,-122.08360300000001,46.273602
1D.4772,-122.08180200000001,46.271801
1D.4773,-122.08059700000001,46.269699
1D.4774,-122.07879600000001,46.267502
1D.4775,-122.07790399999999,46.265099
1D.4776,-122.07790399999999,46.262901
1D.4777,-122.079002,46.260601
1D.4778,-122.07839999999999,46.258801
1D.4779,-122.07929999999999,46.256599
1D.4780,-122.079803,46.2547
1D.4781,-122.07830000000001,46.252602
1D.4782,-122.07759899999999,46.250198
1D.4783,-122.079903,46.247799
1D.4784,-122.075401,46.248001
1D.4785,-122.07080099999999,46.248798
1D.4786,-122.06899999999999,46.246101
1D.4787,-122.066597,46.243801
1D.4788,-122.062599,46.242699
1D.4789,-122.06289699999999,46.239899
1D.4790,-122.06320199999999,46.238602
1D.4791,-122.0634,46.237598
1D.4792,-122.06220200000001,46.237099
1D.4793,-122.06050099999999,46.236698
1D.4794,-122.05870100000001,46.2369
1D.4795,-122.05779999999999,46.237
1D.4796,-122.062401,46.236401
1D.4797,-122.06359900000001,46.236698
1D.4798,-122.06459799999999,46.235901
1D.4799,-122.06369799999999,46.2351
1D.4800,-122.06109599999999,46.235901
1D.4801,-122.059898,46.235401
1D.4802,-122.05870100000001,46.235001
1D.4803,-122.057198,46.2351
1D.4804,-122.06210300000001,46.234501
1D.4805,-122.06130200000001,46.2337
1D.4806,-122.05609899999999,46.2346
1D.4807,-122.06179800000001,46.231201
1D.4808,-122.06320199999999,46.229401
1D.4809,-122.064796,46.227299
1D.4810,-122.06410199999999,46.225201
1D.4811,-122.062401,46.2229
1D.4812,-122.06140099999999,46.219898
1D.4813,-122.05909700000001,46.217602
1D.4814,-122.05789899999999,46.214901
1D.4815,-122.05650299999999,46.213001
1D.4816,-122.05370300000001,46.2141
1D.4817,-122.051399,46.2118
1D.4820,-122.16850299999999,46.129398
1D.4821,-122.16410099999999,46.129799
1D.4832,-122.17649800000001,46.1311
1D.4833,-122.185799,46.1259
1D.4834,-122.18890400000001,46.123901
1D.4835,-122.190201,46.1217
1D.4836,-122.192802,46.119701
1D.4837,-122.19629699999999,46.1185
1D.4838,-122.19940199999999,46.118401
1D.4839,-122.203499,46.120098
1D.4840,-122.20600099999999,46.121899
1D.4847,-122.166,46.1297
1D.4848,-122.2407,46.196301
1D.4849,-122.243896,46.196499
1D.4850,-122.247398,46.196899
1D.4851,-122.25070199999999,46.197498
1D.4853,-122.257698,46.198799
1D.4854,-122.25389899999999,46.171299
1D.4855,-122.251297,46.1744
1D.4856,-122.25240299999999,46.1768
1D.4857,-122.253098,46.180199
1D.4858,-122.25099900000001,46.183498
1D.4859,-122.25150300000001,46.187199
1D.4860,-122.251801,46.191101
1D.4861,-122.256104,46.193001
1D.4862,-122.25,46.2164
1D.4863,-122.25299799999999,46.2183
1D.4864,-122.255798,46.219799
1D.4865,-122.256699,46.2225
1D.4866,-122.25830099999999,46.2257
1D.4867,-122.257698,46.228199
1D.4869,-122.25969699999999,46.2328
1D.4870,-122.25830099999999,46.2355
1D.4871,-122.256798,46.238602
1D.4872,-122.257202,46.240898
1D.4873,-122.25990300000001,46.221298
1D.4874,-122.263702,46.220901
1D.4875,-122.267998,46.222
1D.4876,-122.2715,46.2239
1D.4881,-122.276398,46.223999
1D.4882,-122.276497,46.221699
1D.4883,-122.27970099999999,46.219799
1D.4884,-122.278099,46.229599
1D.4885,-122.280403,46.231998
1D.4886,-122.2826,46.232601
1D.4887,-122.284302,46.233601
1D.4888,-122.288803,46.232399
1D.4889,-122.286003,46.235298
1D.4890,-122.28639999999999,46.237301
1D.4891,-122.28959699999999,46.238602
1D.4892,-122.2911,46.240299
1D.4893,-122.29319799999999,46.241501
1D.4894,-122.297302,46.242699
1D.4895,-122.30069700000001,46.242599
1D.4896,-122.30429799999999,46.242699
1D.4897,-122.308899,46.243999
1D.4898,-122.31310300000001,46.242802
1D.4899,-122.31530000000001,46.2449
1D.4900,-122.31809999999999,46.246399
1D.4901,-122.32119800000001,46.2477
1D.4902,-122.32379900000001,46.248402
1D.4903,-122.328697,46.247299
1D.4904,-122.330299,46.2458
1D.4905,-122.320099,46.247299
1D.4906,-122.317497,46.245899
1D.4907,-122.314697,46.243698
1D.4908,-122.3116,46.242802
1D.4909,-122.30770100000001,46.244202
1D.4910,-122.30280300000001,46.2425
1D.4911,-122.29939999999999,46.242401
1D.4912,-122.29570000000001,46.242699
1D.4913,-122.29209900000001,46.2407
1D.4914,-122.287399,46.238201
1D.4915,-122.187401,46.270199
1D.4916,-122.19030000000001,46.272701
1D.4917,-122.18910199999999,46.268501
1D.4918,-122.195099,46.2728
1D.4919,-122.19840199999999,46.272598
1D.4920,-122.201698,46.2724
1D.4921,-122.20469700000001,46.272701
1D.4922,-122.20790099999999,46.273102
1D.4923,-122.20999900000001,46.2747
1D.4924,-122.21109799999999,46.276299
1D.4925,-122.21350100000001,46.276901
1D.4926,-122.219597,46.277302
1D.4927,-122.22290000000001,46.277199
1D.4928,-122.272697,46.286598
1D.4929,-122.27619899999999,46.285999
1D.4930,-122.27709999999999,46.2841
1D.4931,-122.275398,46.282001
1D.4932,-122.27439899999999,46.280602
1D.4933,-122.272202,46.2813
1D.4934,-122.271896,46.280102
1D.4935,-122.270599,46.279598
1D.4936,-122.268303,46.278801
1D.4937,-122.26589999999999,46.278999
1D.4938,-122.267799,46.280499
1D.4939,-122.267899,46.2826
1D.4940,-122.2696,46.284302
1D.4941,-122.271301,46.285301
1D.4942,-122.26229900000001,46.278099
1D.4943,-122.2603,46.276299
1D.4944,-122.2575,46.274899
1D.4945,-122.255402,46.273998
1D.4946,-122.25299799999999,46.2756
1D.4947,-122.254501,46.276402
1D.4948,-122.25280000000001,46.2771
1D.4949,-122.249901,46.276798
1D.4950,-122.247803,46.276199
1D.4951,-122.24700200000001,46.277699
1D.4952,-122.244698,46.2775
1D.4953,-122.24179799999999,46.276501
1D.4954,-122.23899800000001,46.277
1D.4955,-122.232903,46.2729
1D.4956,-122.23110199999999,46.274799
1D.4957,-122.2304,46.276501
1D.4958,-122.23760200000001,46.274101
1D.4959,-122.25640100000001,46.286701
1D.4960,-122.25029799999999,46.287899
1D.4961,-122.24610100000001,46.290501
1D.4962,-122.24040199999999,46.292
1D.4963,-122.23599999999999,46.2938
1D.4964,-122.231697,46.2962
1D.4965,-122.226898,46.297298
1D.4966,-122.222801,46.298401
1D.4967,-122.2211,46.3008
1D.4968,-122.17240100000001,46.253899
1D.4969,-122.171097,46.250301
1D.4970,-122.221397,46.278301
1D.4971,-122.22579999999999,46.278
1D.4972,-122.2295,46.278301
1D.4973,-122.222397,46.280499
1D.4974,-122.21549999999999,46.282501
1D.4975,-122.20819900000001,46.281799
1D.4976,-122.20339999999999,46.2794
1D.4977,-122.196999,46.283298
1D.4978,-122.20829800000001,46.287498
1D.4979,-122.218399,46.290401
1D.4980,-122.230797,46.289101
1D.4981,-122.2407,46.287498
1D.4982,-122.255898,46.2845
1D.4983,-122.27259799999999,46.289902
1D.4984,-122.27430000000001,46.292801
1D.4985,-122.274101,46.296398
1D.4986,-122.275703,46.300301
1D.4987,-122.27829700000001,46.3022
1D.4988,-122.275803,46.3036
1D.4989,-122.26490000000001,46.290901
1D.4990,-122.265999,46.291698
1D.4991,-122.27610000000001,46.306301
1D.4992,-122.27839700000001,46.309799
1D.4993,-122.282501,46.312
1D.4994,-122.234001,46.288799
1D.4995,-122.22300000000001,46.2901
1D.4996,-122.213097,46.289001
1D.4997,-122.203598,46.286301
1D.4998,-122.19619800000001,46.2812
1D.4999,-122.20469700000001,46.280701
1D.5000,-122.21270000000001,46.2826
1D.5001,-122.21869699999999,46.281898
1D.5002,-122.22609700000001,46.279099
1D.5003,-122.286797,46.309101
1D.5004,-122.287102,46.308399
1D.5005,-122.29090099999999,46.3069
1D.5006,-122.29530299999999,46.305698
1D.5007,-122.29499799999999,46.302799
1D.5008,-122.29390000000001,46.300301
1D.5010,-122.05370300000001,46.1805
1D.5011,-122.05059800000001,46.177898
1D.5012,-122.04840100000001,46.175201
1D.5013,-122.045197,46.173599
1D.5014,-122.042397,46.171501
1D.5015,-122.04080200000001,46.169899
1D.5016,-122.03859700000001,46.1689
1D.5017,-122.036797,46.166901
1D.5018,-122.03540000000001,46.165298
1D.5019,-122.03459899999999,46.163101
1D.5020,-122.266098,46.292999
1D.5021,-122.264702,46.294399
1D.5022,-122.26219900000001,46.296398
1D.5023,-122.259804,46.298
1D.5024,-122.25820200000001,46.297901
