cell_index,lon_min,lon_max,lat_min,lat_max,ray_count,phase_velocity_km_s
0,-122.34,-122.33,46.08,46.089999999999996,0.0,2.774982723351812
1,-122.33,-122.32,46.08,46.089999999999996,0.0,2.7738095960165645
2,-122.32,-122.30999999999999,46.08,46.089999999999996,0.0,2.771688272904373
3,-122.30999999999999,-122.29999999999998,46.08,46.089999999999996,0.0,2.7691084984909744
4,-122.29999999999998,-122.28999999999998,46.08,46.089999999999996,0.0,2.7669577337846483
5,-122.28999999999998,-122.27999999999997,46.08,46.089999999999996,0.0,2.7667486402018993
6,-122.27999999999997,-122.26999999999997,46.08,46.089999999999996,0.0,2.770823737572467
7,-122.26999999999997,-122.25999999999996,46.08,46.089999999999996,0.0,2.7823499907717646
8,-122.25999999999996,-122.24999999999996,46.08,46.089999999999996,0.0,2.8045896295654535
9,-122.24999999999996,-122.23999999999995,46.08,46.089999999999996,0.0,2.839030045673135
10,-122.23999999999995,-122.22999999999995,46.08,46.089999999999996,0.0,2.883903619900523
11,-122.22999999999995,-122.21999999999994,46.08,46.089999999999996,0.0,2.933279210063057
12,-122.21999999999994,-122.20999999999994,46.08,46.089999999999996,0.0,2.9771784755567863
13,-122.20999999999994,-122.19999999999993,46.08,46.089999999999996,0.0,3.0006209691796983
14,-122.19999999999993,-122.18999999999993,46.08,46.089999999999996,0.0,2.9977263393527016
15,-122.18999999999993,-122.17999999999992,46.08,46.089999999999996,0.0,2.9751397024282977
16,-122.17999999999992,-122.16999999999992,46.08,46.089999999999996,0.0,2.9431653731974152
17,-122.16999999999992,-122.15999999999991,46.08,46.089999999999996,0.0,2.9095608374832067
18,-122.15999999999991,-122.1499999999999,46.08,46.089999999999996,0.0,2.8786769753348262
19,-122.1499999999999,-122.1399999999999,46.08,46.089999999999996,0.0,2.8526119723580465
20,-122.1399999999999,-122.1299999999999,46.08,46.089999999999996,0.0,2.8322095270240406
21,-122.1299999999999,-122.11999999999989,46.08,46.089999999999996,0.0,2.8176055461253613
22,-122.11999999999989,-122.10999999999989,46.08,46.089999999999996,0.0,2.808639002806745
23,-122.10999999999989,-122.09999999999988,46.08,46.089999999999996,0.0,2.804808463065512
24,-122.09999999999988,-122.08999999999988,46.08,46.089999999999996,0.0,2.8053102743388836
25,-122.08999999999988,-122.07999999999987,46.08,46.089999999999996,0.0,2.8090487486840168
26,-122.07999999999987,-122.06999999999987,46.08,46.089999999999996,0.0,2.8146782379656634
27,-122.06999999999987,-122.05999999999986,46.08,46.089999999999996,0.0,2.820708791471261
28,-122.05999999999986,-122.04999999999986,46.08,46.089999999999996,0.0,2.825690176805614
29,-122.04999999999986,-122.03999999999985,46.08,46.089999999999996,0.0,2.8284895998115855
30,-122.34,-122.33,46.089999999999996,46.099999999999994,0.0,2.7706299159354324
31,-122.33,-122.32,46.089999999999996,46.099999999999994,0.0,2.7691518115887748
32,-122.32,-122.30999999999999,46.089999999999996,46.099999999999994,0.0,2.7664077371398914
33,-122.30999999999999,-122.29999999999998,46.089999999999996,46.099999999999994,0.0,2.76277180709436
34,-122.29999999999998,-122.28999999999998,46.089999999999996,46.099999999999994,0.0,2.758976421894825
35,-122.28999999999998,-122.27999999999997,46.089999999999996,46.099999999999994,0.0,2.756428897648258
36,-122.27999999999997,-122.26999999999997,46.089999999999996,46.099999999999994,0.0,2.7576800627957896
37,-122.26999999999997,-122.25999999999996,46.089999999999996,46.099999999999994,0.0,2.766914805119231
38,-122.25999999999996,-122.24999999999996,46.089999999999996,46.099999999999994,0.0,2.7895479459567247
39,-122.24999999999996,-122.23999999999995,46.089999999999996,46.099999999999994,0.0,2.8286334199581367
40,-122.23999999999995,-122.22999999999995,46.089999999999996,46.099999999999994,0.0,2.883030121408667
41,-122.22999999999995,-122.21999999999994,46.089999999999996,46.099999999999994,0.0,2.946032116985308
42,-122.21999999999994,-122.20999999999994,46.089999999999996,46.099999999999994,138.0,3.0078516771872112
43,-122.20999999999994,-122.19999999999993,46.089999999999996,46.099999999999994,201.0,3.038507099639522
44,-122.19999999999993,-122.18999999999993,46.089999999999996,46.099999999999994,32.0,3.028570603557001
45,-122.18999999999993,-122.17999999999992,46.089999999999996,46.099999999999994,3.0,2.9940699909344217
46,-122.17999999999992,-122.16999999999992,46.089999999999996,46.099999999999994,3.0,2.952015452551272
47,-122.16999999999992,-122.15999999999991,46.089999999999996,46.099999999999994,0.0,2.9115054842158767
48,-122.15999999999991,-122.1499999999999,46.089999999999996,46.099999999999994,0.0,2.876118396337523
49,-122.1499999999999,-122.1399999999999,46.089999999999996,46.099999999999994,0.0,2.8471677080512503
50,-122.1399999999999,-122.1299999999999,46.089999999999996,46.099999999999994,0.0,2.8250466001100185
51,-122.1299999999999,-122.11999999999989,46.089999999999996,46.099999999999994,0.0,2.809469553679938
52,-122.11999999999989,-122.10999999999989,46.089999999999996,46.099999999999994,0.0,2.8003219024134434
53,-122.10999999999989,-122.09999999999988,46.089999999999996,46.099999999999994,0.0,2.7970000692447905
54,-122.09999999999988,-122.08999999999988,46.089999999999996,46.099999999999994,0.0,2.7986228469925503
55,-122.08999999999988,-122.07999999999987,46.089999999999996,46.099999999999994,0.0,2.803969987891838
56,-122.07999999999987,-122.06999999999987,46.089999999999996,46.099999999999994,0.0,2.811480460239888
57,-122.06999999999987,-122.05999999999986,46.089999999999996,46.099999999999994,0.0,2.8193735581906103
58,-122.05999999999986,-122.04999999999986,46.089999999999996,46.099999999999994,0.0,2.8258209182765848
59,-122.04999999999986,-122.03999999999985,46.089999999999996,46.099999999999994,0.0,2.8294226639783187
60,-122.34,-122.33,46.099999999999994,46.10999999999999,0.0,2.7619633496936324
61,-122.33,-122.32,46.099999999999994,46.10999999999999,0.0,2.759882730375622
62,-122.32,-122.30999999999999,46.099999999999994,46.10999999999999,0.0,2.755973818749141
63,-122.30999999999999,-122.29999999999998,46.099999999999994,46.10999999999999,0.0,2.750329325084442
64,-122.29999999999998,-122.28999999999998,46.099999999999994,46.10999999999999,0.0,2.743264291348256
65,-122.28999999999998,-122.27999999999997,46.099999999999994,46.10999999999999,0.0,2.7357427852432257
66,-122.27999999999997,-122.26999999999997,46.099999999999994,46.10999999999999,0.0,2.7302398193335766
67,-122.26999999999997,-122.25999999999996,46.099999999999994,46.10999999999999,0.0,2.7327412026974787
68,-122.25999999999996,-122.24999999999996,46.099999999999994,46.10999999999999,0.0,2.7547557757438317
69,-122.24999999999996,-122.23999999999995,46.099999999999994,46.10999999999999,0.0,2.8029201138316595
70,-122.23999999999995,-122.22999999999995,46.099999999999994,46.10999999999999,0.0,2.8779806996819617
71,-122.22999999999995,-122.21999999999994,46.099999999999994,46.10999999999999,24.0,2.969549749380239
72,-122.21999999999994,-122.20999999999994,46.099999999999994,46.10999999999999,586.0,3.0760845157237093
73,-122.20999999999994,-122.19999999999993,46.099999999999994,46.10999999999999,470.0,3.1124282474362643
74,-122.19999999999993,-122.18999999999993,46.099999999999994,46.10999999999999,213.0,3.095591735178969
75,-122.18999999999993,-122.17999999999992,46.099999999999994,46.10999999999999,98.0,3.029466034441095
76,-122.17999999999992,-122.16999999999992,46.099999999999994,46.10999999999999,38.0,2.9662362190214346
77,-122.16999999999992,-122.15999999999991,46.099999999999994,46.10999999999999,14.0,2.913406697612321
78,-122.15999999999991,-122.1499999999999,46.099999999999994,46.10999999999999,6.0,2.8693739385318078
79,-122.1499999999999,-122.1399999999999,46.099999999999994,46.10999999999999,4.0,2.834864984896926
80,-122.1399999999999,-122.1299999999999,46.099999999999994,46.10999999999999,3.0,2.8095867482627126
81,-122.1299999999999,-122.11999999999989,46.099999999999994,46.10999999999999,0.0,2.7919701027971215
82,-122.11999999999989,-122.10999999999989,46.099999999999994,46.10999999999999,0.0,2.7825350669114677
83,-122.10999999999989,-122.09999999999988,46.099999999999994,46.10999999999999,0.0,2.780328852775958
84,-122.09999999999988,-122.08999999999988,46.099999999999994,46.10999999999999,0.0,2.7843873879521253
85,-122.08999999999988,-122.07999999999987,46.099999999999994,46.10999999999999,0.0,2.7932409505964677
86,-122.07999999999987,-122.06999999999987,46.099999999999994,46.10999999999999,0.0,2.804911996378769
87,-122.06999999999987,-122.05999999999986,46.099999999999994,46.10999999999999,0.0,2.817026621567772
88,-122.05999999999986,-122.04999999999986,46.099999999999994,46.10999999999999,0.0,2.8267633718305625
89,-122.04999999999986,-122.03999999999985,46.099999999999994,46.10999999999999,0.0,2.832162636717427
90,-122.34,-122.33,46.10999999999999,46.11999999999999,0.0,2.749068607497029
91,-122.33,-122.32,46.10999999999999,46.11999999999999,0.0,2.7460119237315768
92,-122.32,-122.30999999999999,46.10999999999999,46.11999999999999,0.0,2.740622679270286
93,-122.30999999999999,-122.29999999999998,46.10999999999999,46.11999999999999,0.0,2.7323418118582015
94,-122.29999999999998,-122.28999999999998,46.10999999999999,46.11999999999999,0.0,2.720688612274921
95,-122.28999999999998,-122.27999999999997,46.10999999999999,46.11999999999999,0.0,2.705431752323394
96,-122.27999999999997,-122.26999999999997,46.10999999999999,46.11999999999999,0.0,2.6872862072445223
97,-122.26999999999997,-122.25999999999996,46.10999999999999,46.11999999999999,0.0,2.6726845201402414
98,-122.25999999999996,-122.24999999999996,46.10999999999999,46.11999999999999,0.0,2.6899398542133364
99,-122.24999999999996,-122.23999999999995,46.10999999999999,46.11999999999999,0.0,2.7507035043941155
100,-122.23999999999995,-122.22999999999995,46.10999999999999,46.11999999999999,177.0,2.8629919816820713
101,-122.22999999999995,-122.21999999999994,46.10999999999999,46.11999999999999,488.0,2.9888325689268527
102,-122.21999999999994,-122.20999999999994,46.10999999999999,46.11999999999999,658.0,3.0573063854754867
103,-122.20999999999994,-122.19999999999993,46.10999999999999,46.11999999999999,854.0,3.075905454385338
104,-122.19999999999993,-122.18999999999993,46.10999999999999,46.11999999999999,722.0,3.106897152673944
105,-122.18999999999993,-122.17999999999992,46.10999999999999,46.11999999999999,273.0,3.0468627116726865
106,-122.17999999999992,-122.16999999999992,46.10999999999999,46.11999999999999,161.0,2.9696489500189354
107,-122.16999999999992,-122.15999999999991,46.10999999999999,46.11999999999999,96.0,2.9047999792011057
108,-122.15999999999991,-122.1499999999999,46.10999999999999,46.11999999999999,48.0,2.850119562310821
109,-122.1499999999999,-122.1399999999999,46.10999999999999,46.11999999999999,28.0,2.8110445165885003
110,-122.1399999999999,-122.1299999999999,46.10999999999999,46.11999999999999,21.0,2.7818034718098756
111,-122.1299999999999,-122.11999999999989,46.10999999999999,46.11999999999999,17.0,2.762469580887477
112,-122.11999999999989,-122.10999999999989,46.10999999999999,46.11999999999999,12.0,2.7529621418476515
113,-122.10999999999989,-122.09999999999988,46.10999999999999,46.11999999999999,7.0,2.7526157180029283
114,-122.09999999999988,-122.08999999999988,46.10999999999999,46.11999999999999,4.0,2.7607574406283883
115,-122.08999999999988,-122.07999999999987,46.10999999999999,46.11999999999999,0.0,2.7756384681728195
116,-122.07999999999987,-122.06999999999987,46.10999999999999,46.11999999999999,0.0,2.7945577960837658
117,-122.06999999999987,-122.05999999999986,46.10999999999999,46.11999999999999,0.0,2.8144762019506553
118,-122.05999999999986,-122.04999999999986,46.10999999999999,46.11999999999999,0.0,2.8301064808681096
119,-122.04999999999986,-122.03999999999985,46.10999999999999,46.11999999999999,0.0,2.8387249807525183
120,-122.34,-122.33,46.11999999999999,46.12999999999999,0.0,2.7321396677115235
121,-122.33,-122.32,46.11999999999999,46.12999999999999,0.0,2.727233179157715
122,-122.32,-122.30999999999999,46.11999999999999,46.12999999999999,0.0,2.720624429257501
123,-122.30999999999999,-122.29999999999998,46.11999999999999,46.12999999999999,0.0,2.709763799780746
124,-122.29999999999998,-122.28999999999998,46.11999999999999,46.12999999999999,0.0,2.6932191569133463
125,-122.28999999999998,-122.27999999999997,46.11999999999999,46.12999999999999,0.0,2.668973918611389
126,-122.27999999999997,-122.26999999999997,46.11999999999999,46.12999999999999,92.0,2.631615521165364
127,-122.26999999999997,-122.25999999999996,46.11999999999999,46.12999999999999,683.0,2.573932018428825
128,-122.25999999999996,-122.24999999999996,46.11999999999999,46.12999999999999,259.0,2.578364861986804
129,-122.24999999999996,-122.23999999999995,46.11999999999999,46.12999999999999,372.0,2.650362761421282
130,-122.23999999999995,-122.22999999999995,46.11999999999999,46.12999999999999,522.0,2.7993164701801465
131,-122.22999999999995,-122.21999999999994,46.11999999999999,46.12999999999999,565.0,2.953182698348676
132,-122.21999999999994,-122.20999999999994,46.11999999999999,46.12999999999999,857.0,2.9644402312714475
133,-122.20999999999994,-122.19999999999993,46.11999999999999,46.12999999999999,1229.0,2.958583138165371
134,-122.19999999999993,-122.18999999999993,46.11999999999999,46.12999999999999,1372.0,2.974729593248516
135,-122.18999999999993,-122.17999999999992,46.11999999999999,46.12999999999999,1116.0,2.937881305335322
136,-122.17999999999992,-122.16999999999992,46.11999999999999,46.12999999999999,487.0,2.9091886432003413
137,-122.16999999999992,-122.15999999999991,46.11999999999999,46.12999999999999,289.0,2.864018714190347
138,-122.15999999999991,-122.1499999999999,46.11999999999999,46.12999999999999,181.0,2.80835894998377
139,-122.1499999999999,-122.1399999999999,46.11999999999999,46.12999999999999,120.0,2.7665568083722762
140,-122.1399999999999,-122.1299999999999,46.11999999999999,46.12999999999999,74.0,2.729902081266215
141,-122.1299999999999,-122.11999999999989,46.11999999999999,46.12999999999999,51.0,2.7078218538170726
142,-122.11999999999989,-122.10999999999989,46.11999999999999,46.12999999999999,45.0,2.699264187150973
143,-122.10999999999989,-122.09999999999988,46.11999999999999,46.12999999999999,43.0,2.704943258580205
144,-122.09999999999988,-122.08999999999988,46.11999999999999,46.12999999999999,44.0,2.7233353744336495
145,-122.08999999999988,-122.07999999999987,46.11999999999999,46.12999999999999,49.0,2.749079122250992
146,-122.07999999999987,-122.06999999999987,46.11999999999999,46.12999999999999,51.0,2.7793849792180985
147,-122.06999999999987,-122.05999999999986,46.11999999999999,46.12999999999999,54.0,2.8136056568555574
148,-122.05999999999986,-122.04999999999986,46.11999999999999,46.12999999999999,53.0,2.838847464041651
149,-122.04999999999986,-122.03999999999985,46.11999999999999,46.12999999999999,0.0,2.8528656752749066
150,-122.34,-122.33,46.12999999999999,46.139999999999986,0.0,2.712015040780181
151,-122.33,-122.32,46.12999999999999,46.139999999999986,0.0,2.7018682422889397
152,-122.32,-122.30999999999999,46.12999999999999,46.139999999999986,1.0,2.69619623385462
153,-122.30999999999999,-122.29999999999998,46.12999999999999,46.139999999999986,1.0,2.683652030697261
154,-122.29999999999998,-122.28999999999998,46.12999999999999,46.139999999999986,3.0,2.663524205953422
155,-122.28999999999998,-122.27999999999997,46.12999999999999,46.139999999999986,4.0,2.634940723996824
156,-122.27999999999997,-122.26999999999997,46.12999999999999,46.139999999999986,55.0,2.5973842261434164
157,-122.26999999999997,-122.25999999999996,46.12999999999999,46.139999999999986,412.0,2.5696802244301904
158,-122.25999999999996,-122.24999999999996,46.12999999999999,46.139999999999986,766.0,2.577050901002755
159,-122.24999999999996,-122.23999999999995,46.12999999999999,46.139999999999986,797.0,2.5884661519348784
160,-122.23999999999995,-122.22999999999995,46.12999999999999,46.139999999999986,734.0,2.6812437362701678
161,-122.22999999999995,-122.21999999999994,46.12999999999999,46.139999999999986,768.0,2.790781179018857
162,-122.21999999999994,-122.20999999999994,46.12999999999999,46.139999999999986,966.0,2.832944823525678
163,-122.20999999999994,-122.19999999999993,46.12999999999999,46.139999999999986,1029.0,2.830007513242556
164,-122.19999999999993,-122.18999999999993,46.12999999999999,46.139999999999986,2176.0,2.831864435754242
165,-122.18999999999993,-122.17999999999992,46.12999999999999,46.139999999999986,1820.0,2.8275376062440873
166,-122.17999999999992,-122.16999999999992,46.12999999999999,46.139999999999986,1403.0,2.825566976806053
167,-122.16999999999992,-122.15999999999991,46.12999999999999,46.139999999999986,1051.0,2.794204264464391
168,-122.15999999999991,-122.1499999999999,46.12999999999999,46.139999999999986,593.0,2.743098955654974
169,-122.1499999999999,-122.1399999999999,46.12999999999999,46.139999999999986,400.0,2.7118605443779997
170,-122.1399999999999,-122.1299999999999,46.12999999999999,46.139999999999986,333.0,2.6923266689533802
171,-122.1299999999999,-122.11999999999989,46.12999999999999,46.139999999999986,221.0,2.667512855814191
172,-122.11999999999989,-122.10999999999989,46.12999999999999,46.139999999999986,148.0,2.651927150468113
173,-122.10999999999989,-122.09999999999988,46.12999999999999,46.139999999999986,122.0,2.666700223217989
174,-122.09999999999988,-122.08999999999988,46.12999999999999,46.139999999999986,115.0,2.6978511614537943
175,-122.08999999999988,-122.07999999999987,46.12999999999999,46.139999999999986,99.0,2.732424566800284
176,-122.07999999999987,-122.06999999999987,46.12999999999999,46.139999999999986,156.0,2.775761960525338
177,-122.06999999999987,-122.05999999999986,46.12999999999999,46.139999999999986,231.0,2.8345650564078246
178,-122.05999999999986,-122.04999999999986,46.12999999999999,46.139999999999986,88.0,2.8801153883858306
179,-122.04999999999986,-122.03999999999985,46.12999999999999,46.139999999999986,0.0,2.8812904723761106
180,-122.34,-122.33,46.139999999999986,46.149999999999984,0.0,2.6926991825912543
181,-122.33,-122.32,46.139999999999986,46.149999999999984,161.0,2.6625855992332483
182,-122.32,-122.30999999999999,46.139999999999986,46.149999999999984,321.0,2.6679189010211837
183,-122.30999999999999,-122.29999999999998,46.139999999999986,46.149999999999984,152.0,2.6525835067715673
184,-122.29999999999998,-122.28999999999998,46.139999999999986,46.149999999999984,278.0,2.62875418387911
185,-122.28999999999998,-122.27999999999997,46.139999999999986,46.149999999999984,250.0,2.594541505946874
186,-122.27999999999997,-122.26999999999997,46.139999999999986,46.149999999999984,408.0,2.5592460076119505
187,-122.26999999999997,-122.25999999999996,46.139999999999986,46.149999999999984,478.0,2.555794674428973
188,-122.25999999999996,-122.24999999999996,46.139999999999986,46.149999999999984,562.0,2.57084325610235
189,-122.24999999999996,-122.23999999999995,46.139999999999986,46.149999999999984,866.0,2.62827329847626
190,-122.23999999999995,-122.22999999999995,46.139999999999986,46.149999999999984,1061.0,2.7048853275329283
191,-122.22999999999995,-122.21999999999994,46.139999999999986,46.149999999999984,1100.0,2.7500811279981385
192,-122.21999999999994,-122.20999999999994,46.139999999999986,46.149999999999984,1113.0,2.762158694691651
193,-122.20999999999994,-122.19999999999993,46.139999999999986,46.149999999999984,1472.0,2.8028069271105758
194,-122.19999999999993,-122.18999999999993,46.139999999999986,46.149999999999984,2153.0,2.7773377935691492
195,-122.18999999999993,-122.17999999999992,46.139999999999986,46.149999999999984,2337.0,2.700575239388178
196,-122.17999999999992,-122.16999999999992,46.139999999999986,46.149999999999984,2018.0,2.728214745172865
197,-122.16999999999992,-122.15999999999991,46.139999999999986,46.149999999999984,1677.0,2.6981934264541527
198,-122.15999999999991,-122.1499999999999,46.139999999999986,46.149999999999984,1256.0,2.674745679354058
199,-122.1499999999999,-122.1399999999999,46.139999999999986,46.149999999999984,955.0,2.683705761000869
200,-122.1399999999999,-122.1299999999999,46.139999999999986,46.149999999999984,767.0,2.657208532160308
201,-122.1299999999999,-122.11999999999989,46.139999999999986,46.149999999999984,537.0,2.6353118598106002
202,-122.11999999999989,-122.10999999999989,46.139999999999986,46.149999999999984,442.0,2.6309615865933424
203,-122.10999999999989,-122.09999999999988,46.139999999999986,46.149999999999984,348.0,2.663877605154211
204,-122.09999999999988,-122.08999999999988,46.139999999999986,46.149999999999984,315.0,2.708745192164215
205,-122.08999999999988,-122.07999999999987,46.139999999999986,46.149999999999984,246.0,2.746253320674993
206,-122.07999999999987,-122.06999999999987,46.139999999999986,46.149999999999984,253.0,2.809372819213215
207,-122.06999999999987,-122.05999999999986,46.139999999999986,46.149999999999984,131.0,2.893153780463709
208,-122.05999999999986,-122.04999999999986,46.139999999999986,46.149999999999984,22.0,2.9173129718859117
209,-122.04999999999986,-122.03999999999985,46.139999999999986,46.149999999999984,0.0,2.913420314314652
210,-122.34,-122.33,46.149999999999984,46.15999999999998,0.0,2.6930854865171803
211,-122.33,-122.32,46.149999999999984,46.15999999999998,32.0,2.670016565762917
212,-122.32,-122.30999999999999,46.149999999999984,46.15999999999998,182.0,2.665946728958428
213,-122.30999999999999,-122.29999999999998,46.149999999999984,46.15999999999998,319.0,2.6666657411609256
214,-122.29999999999998,-122.28999999999998,46.149999999999984,46.15999999999998,350.0,2.64447023224768
215,-122.28999999999998,-122.27999999999997,46.149999999999984,46.15999999999998,262.0,2.609486689417204
216,-122.27999999999997,-122.26999999999997,46.149999999999984,46.15999999999998,682.0,2.574861404513019
217,-122.26999999999997,-122.25999999999996,46.149999999999984,46.15999999999998,867.0,2.5862758570534012
218,-122.25999999999996,-122.24999999999996,46.149999999999984,46.15999999999998,659.0,2.588119392455822
219,-122.24999999999996,-122.23999999999995,46.149999999999984,46.15999999999998,848.0,2.6482019704669497
220,-122.23999999999995,-122.22999999999995,46.149999999999984,46.15999999999998,1329.0,2.722597125502926
221,-122.22999999999995,-122.21999999999994,46.149999999999984,46.15999999999998,1410.0,2.7532645112909107
222,-122.21999999999994,-122.20999999999994,46.149999999999984,46.15999999999998,1386.0,2.77787344740866
223,-122.20999999999994,-122.19999999999993,46.149999999999984,46.15999999999998,1384.0,2.849380763729428
224,-122.19999999999993,-122.18999999999993,46.149999999999984,46.15999999999998,1665.0,2.792826648168067
225,-122.18999999999993,-122.17999999999992,46.149999999999984,46.15999999999998,2167.0,2.6923907026458727
226,-122.17999999999992,-122.16999999999992,46.149999999999984,46.15999999999998,2457.0,2.6747301169061757
227,-122.16999999999992,-122.15999999999991,46.149999999999984,46.15999999999998,2179.0,2.6885734919655078
228,-122.15999999999991,-122.1499999999999,46.149999999999984,46.15999999999998,1969.0,2.7197058475180684
229,-122.1499999999999,-122.1399999999999,46.149999999999984,46.15999999999998,1673.0,2.711992452430255
230,-122.1399999999999,-122.1299999999999,46.149999999999984,46.15999999999998,1394.0,2.6955891294990955
231,-122.1299999999999,-122.11999999999989,46.149999999999984,46.15999999999998,943.0,2.6218264447726414
232,-122.11999999999989,-122.10999999999989,46.149999999999984,46.15999999999998,771.0,2.5860397649037963
233,-122.10999999999989,-122.09999999999988,46.149999999999984,46.15999999999998,731.0,2.6185528083244995
234,-122.09999999999988,-122.08999999999988,46.149999999999984,46.15999999999998,730.0,2.674846621184115
235,-122.08999999999988,-122.07999999999987,46.149999999999984,46.15999999999998,690.0,2.770996994244705
236,-122.07999999999987,-122.06999999999987,46.149999999999984,46.15999999999998,371.0,2.8655581330183257
237,-122.06999999999987,-122.05999999999986,46.149999999999984,46.15999999999998,197.0,2.9322466305811816
238,-122.05999999999986,-122.04999999999986,46.149999999999984,46.15999999999998,66.0,2.9444763234758695
239,-122.04999999999986,-122.03999999999985,46.149999999999984,46.15999999999998,12.0,2.9466307019561744
240,-122.34,-122.33,46.15999999999998,46.16999999999998,0.0,2.7059358509281286
241,-122.33,-122.32,46.15999999999998,46.16999999999998,12.0,2.687686613986617
242,-122.32,-122.30999999999999,46.15999999999998,46.16999999999998,59.0,2.6723222008333374
243,-122.30999999999999,-122.29999999999998,46.15999999999998,46.16999999999998,139.0,2.662055954835401
244,-122.29999999999998,-122.28999999999998,46.15999999999998,46.16999999999998,261.0,2.655079867777147
245,-122.28999999999998,-122.27999999999997,46.15999999999998,46.16999999999998,310.0,2.6501293499167855
246,-122.27999999999997,-122.26999999999997,46.15999999999998,46.16999999999998,431.0,2.6209603307361555
247,-122.26999999999997,-122.25999999999996,46.15999999999998,46.16999999999998,855.0,2.6372815143877233
248,-122.25999999999996,-122.24999999999996,46.15999999999998,46.16999999999998,1862.0,2.6310205558727953
249,-122.24999999999996,-122.23999999999995,46.15999999999998,46.16999999999998,1410.0,2.6841434312557246
250,-122.23999999999995,-122.22999999999995,46.15999999999998,46.16999999999998,1149.0,2.722464757967247
251,-122.22999999999995,-122.21999999999994,46.15999999999998,46.16999999999998,1430.0,2.7719051793633285
252,-122.21999999999994,-122.20999999999994,46.15999999999998,46.16999999999998,1488.0,2.8083045929364694
253,-122.20999999999994,-122.19999999999993,46.15999999999998,46.16999999999998,1413.0,2.8401780663485767
254,-122.19999999999993,-122.18999999999993,46.15999999999998,46.16999999999998,1480.0,2.733275328010046
255,-122.18999999999993,-122.17999999999992,46.15999999999998,46.16999999999998,1649.0,2.69396666193411
256,-122.17999999999992,-122.16999999999992,46.15999999999998,46.16999999999998,2230.0,2.7102355855689493
257,-122.16999999999992,-122.15999999999991,46.15999999999998,46.16999999999998,2348.0,2.7374603674858236
258,-122.15999999999991,-122.1499999999999,46.15999999999998,46.16999999999998,2254.0,2.802382434183093
259,-122.1499999999999,-122.1399999999999,46.15999999999998,46.16999999999998,2108.0,2.7866780412660583
260,-122.1399999999999,-122.1299999999999,46.15999999999998,46.16999999999998,1693.0,2.73761374149049
261,-122.1299999999999,-122.11999999999989,46.15999999999998,46.16999999999998,1317.0,2.6790477675188917
262,-122.11999999999989,-122.10999999999989,46.15999999999998,46.16999999999998,1111.0,2.6521272027199743
263,-122.10999999999989,-122.09999999999988,46.15999999999998,46.16999999999998,1073.0,2.68761273044024
264,-122.09999999999988,-122.08999999999988,46.15999999999998,46.16999999999998,1018.0,2.738352413804848
265,-122.08999999999988,-122.07999999999987,46.15999999999998,46.16999999999998,728.0,2.778923124998697
266,-122.07999999999987,-122.06999999999987,46.15999999999998,46.16999999999998,834.0,2.8405027130322216
267,-122.06999999999987,-122.05999999999986,46.15999999999998,46.16999999999998,826.0,2.9088705720241754
268,-122.05999999999986,-122.04999999999986,46.15999999999998,46.16999999999998,783.0,2.951227987104769
269,-122.04999999999986,-122.03999999999985,46.15999999999998,46.16999999999998,681.0,2.9835319267824785
270,-122.34,-122.33,46.16999999999998,46.17999999999998,0.0,2.727344472940032
271,-122.33,-122.32,46.16999999999998,46.17999999999998,7.0,2.71102346702244
272,-122.32,-122.30999999999999,46.16999999999998,46.17999999999998,26.0,2.691062787437461
273,-122.30999999999999,-122.29999999999998,46.16999999999998,46.17999999999998,85.0,2.6688875208225857
274,-122.29999999999998,-122.28999999999998,46.16999999999998,46.17999999999998,134.0,2.654560671969462
275,-122.28999999999998,-122.27999999999997,46.16999999999998,46.17999999999998,224.0,2.622852828104358
276,-122.27999999999997,-122.26999999999997,46.16999999999998,46.17999999999998,794.0,2.6310496503182255
277,-122.26999999999997,-122.25999999999996,46.16999999999998,46.17999999999998,1016.0,2.6533060881137733
278,-122.25999999999996,-122.24999999999996,46.16999999999998,46.17999999999998,1529.0,2.6761818194024496
279,-122.24999999999996,-122.23999999999995,46.16999999999998,46.17999999999998,1781.0,2.684652085681015
280,-122.23999999999995,-122.22999999999995,46.16999999999998,46.17999999999998,1897.0,2.698247404499752
281,-122.22999999999995,-122.21999999999994,46.16999999999998,46.17999999999998,1519.0,2.7306234127887667
282,-122.21999999999994,-122.20999999999994,46.16999999999998,46.17999999999998,1626.0,2.8049620482888367
283,-122.20999999999994,-122.19999999999993,46.16999999999998,46.17999999999998,1627.0,2.7911958029291406
284,-122.19999999999993,-122.18999999999993,46.16999999999998,46.17999999999998,1400.0,2.7212580739977636
285,-122.18999999999993,-122.17999999999992,46.16999999999998,46.17999999999998,1412.0,2.726239138851045
286,-122.17999999999992,-122.16999999999992,46.16999999999998,46.17999999999998,1784.0,2.777100440235198
287,-122.16999999999992,-122.15999999999991,46.16999999999998,46.17999999999998,2299.0,2.8288733061909133
288,-122.15999999999991,-122.1499999999999,46.16999999999998,46.17999999999998,2499.0,2.8918264343732245
289,-122.1499999999999,-122.1399999999999,46.16999999999998,46.17999999999998,2309.0,2.808201368658284
290,-122.1399999999999,-122.1299999999999,46.16999999999998,46.17999999999998,1920.0,2.761225360579625
291,-122.1299999999999,-122.11999999999989,46.16999999999998,46.17999999999998,1679.0,2.7435033091516354
292,-122.11999999999989,-122.10999999999989,46.16999999999998,46.17999999999998,1365.0,2.6695908010584652
293,-122.10999999999989,-122.09999999999988,46.16999999999998,46.17999999999998,1205.0,2.6838725482365455
294,-122.09999999999988,-122.08999999999988,46.16999999999998,46.17999999999998,971.0,2.7641142498874878
295,-122.08999999999988,-122.07999999999987,46.16999999999998,46.17999999999998,722.0,2.8354438766684384
296,-122.07999999999987,-122.06999999999987,46.16999999999998,46.17999999999998,596.0,2.9044365122160687
297,-122.06999999999987,-122.05999999999986,46.16999999999998,46.17999999999998,563.0,2.954941018564903
298,-122.05999999999986,-122.04999999999986,46.16999999999998,46.17999999999998,646.0,2.990417468150228
299,-122.04999999999986,-122.03999999999985,46.16999999999998,46.17999999999998,449.0,3.023112821131109
300,-122.34,-122.33,46.17999999999998,46.189999999999976,0.0,2.756986522297358
301,-122.33,-122.32,46.17999999999998,46.189999999999976,5.0,2.7421882286946806
302,-122.32,-122.30999999999999,46.17999999999998,46.189999999999976,12.0,2.7231736611448323
303,-122.30999999999999,-122.29999999999998,46.17999999999998,46.189999999999976,55.0,2.6998609240250655
304,-122.29999999999998,-122.28999999999998,46.17999999999998,46.189999999999976,114.0,2.673432750376265
305,-122.28999999999998,-122.27999999999997,46.17999999999998,46.189999999999976,444.0,2.611307268384317
306,-122.27999999999997,-122.26999999999997,46.17999999999998,46.189999999999976,1105.0,2.610698347240133
307,-122.26999999999997,-122.25999999999996,46.17999999999998,46.189999999999976,1218.0,2.692141762614459
308,-122.25999999999996,-122.24999999999996,46.17999999999998,46.189999999999976,1448.0,2.7360648017814237
309,-122.24999999999996,-122.23999999999995,46.17999999999998,46.189999999999976,1403.0,2.739293904586453
310,-122.23999999999995,-122.22999999999995,46.17999999999998,46.189999999999976,1602.0,2.7704264362045685
311,-122.22999999999995,-122.21999999999994,46.17999999999998,46.189999999999976,1722.0,2.7886578419948846
312,-122.21999999999994,-122.20999999999994,46.17999999999998,46.189999999999976,1470.0,2.7903664345298194
313,-122.20999999999994,-122.19999999999993,46.17999999999998,46.189999999999976,1416.0,2.7612696118163385
314,-122.19999999999993,-122.18999999999993,46.17999999999998,46.189999999999976,1475.0,2.726751169638135
315,-122.18999999999993,-122.17999999999992,46.17999999999998,46.189999999999976,1304.0,2.754055656507308
316,-122.17999999999992,-122.16999999999992,46.17999999999998,46.189999999999976,1426.0,2.8657450420097543
317,-122.16999999999992,-122.15999999999991,46.17999999999998,46.189999999999976,1857.0,2.9310125654412476
318,-122.15999999999991,-122.1499999999999,46.17999999999998,46.189999999999976,2290.0,2.947261656330115
319,-122.1499999999999,-122.1399999999999,46.17999999999998,46.189999999999976,2146.0,2.866035559844491
320,-122.1399999999999,-122.1299999999999,46.17999999999998,46.189999999999976,2085.0,2.8175914742655035
321,-122.1299999999999,-122.11999999999989,46.17999999999998,46.189999999999976,2149.0,2.819694185691656
322,-122.11999999999989,-122.10999999999989,46.17999999999998,46.189999999999976,1774.0,2.785787766478606
323,-122.10999999999989,-122.09999999999988,46.17999999999998,46.189999999999976,1215.0,2.7476750682686135
324,-122.09999999999988,-122.08999999999988,46.17999999999998,46.189999999999976,1040.0,2.7833968683090444
325,-122.08999999999988,-122.07999999999987,46.17999999999998,46.189999999999976,1050.0,2.8425458490457887
326,-122.07999999999987,-122.06999999999987,46.17999999999998,46.189999999999976,1181.0,2.9302344756196863
327,-122.06999999999987,-122.05999999999986,46.17999999999998,46.189999999999976,1141.0,3.0002284795204153
328,-122.05999999999986,-122.04999999999986,46.17999999999998,46.189999999999976,201.0,3.0147432033690387
329,-122.04999999999986,-122.03999999999985,46.17999999999998,46.189999999999976,24.0,3.0085435883756144
330,-122.34,-122.33,46.189999999999976,46.199999999999974,0.0,2.7956318240539857
331,-122.33,-122.32,46.189999999999976,46.199999999999974,5.0,2.7844650981214354
332,-122.32,-122.30999999999999,46.189999999999976,46.199999999999974,7.0,2.7727613466354084
333,-122.30999999999999,-122.29999999999998,46.189999999999976,46.199999999999974,32.0,2.7559691641594375
334,-122.29999999999998,-122.28999999999998,46.189999999999976,46.199999999999974,109.0,2.7300410771753074
335,-122.28999999999998,-122.27999999999997,46.189999999999976,46.199999999999974,228.0,2.6915519084774706
336,-122.27999999999997,-122.26999999999997,46.189999999999976,46.199999999999974,974.0,2.6801410842435582
337,-122.26999999999997,-122.25999999999996,46.189999999999976,46.199999999999974,1388.0,2.7511324323525894
338,-122.25999999999996,-122.24999999999996,46.189999999999976,46.199999999999974,1712.0,2.7515581801465547
339,-122.24999999999996,-122.23999999999995,46.189999999999976,46.199999999999974,1595.0,2.7598986465582334
340,-122.23999999999995,-122.22999999999995,46.189999999999976,46.199999999999974,1497.0,2.7766663186104097
341,-122.22999999999995,-122.21999999999994,46.189999999999976,46.199999999999974,1539.0,2.7784575408906123
342,-122.21999999999994,-122.20999999999994,46.189999999999976,46.199999999999974,1654.0,2.7810727516964753
343,-122.20999999999994,-122.19999999999993,46.189999999999976,46.199999999999974,1505.0,2.765543047762346
344,-122.19999999999993,-122.18999999999993,46.189999999999976,46.199999999999974,1320.0,2.7691472499117964
345,-122.18999999999993,-122.17999999999992,46.189999999999976,46.199999999999974,1401.0,2.8260587219594164
346,-122.17999999999992,-122.16999999999992,46.189999999999976,46.199999999999974,1476.0,2.9551474321283697
347,-122.16999999999992,-122.15999999999991,46.189999999999976,46.199999999999974,1694.0,3.0036963906758882
348,-122.15999999999991,-122.1499999999999,46.189999999999976,46.199999999999974,2038.0,2.9333508346083526
349,-122.1499999999999,-122.1399999999999,46.189999999999976,46.199999999999974,2118.0,2.864802492525343
350,-122.1399999999999,-122.1299999999999,46.189999999999976,46.199999999999974,2118.0,2.845380241477296
351,-122.1299999999999,-122.11999999999989,46.189999999999976,46.199999999999974,2020.0,2.895188590086405
352,-122.11999999999989,-122.10999999999989,46.189999999999976,46.199999999999974,1911.0,2.9073048982303042
353,-122.10999999999989,-122.09999999999988,46.189999999999976,46.199999999999974,1564.0,2.874683081016116
354,-122.09999999999988,-122.08999999999988,46.189999999999976,46.199999999999974,1192.0,2.9167511040585268
355,-122.08999999999988,-122.07999999999987,46.189999999999976,46.199999999999974,1092.0,2.9873507099193466
356,-122.07999999999987,-122.06999999999987,46.189999999999976,46.199999999999974,887.0,3.01787445565873
357,-122.06999999999987,-122.05999999999986,46.189999999999976,46.199999999999974,304.0,2.99069368274398
358,-122.05999999999986,-122.04999999999986,46.189999999999976,46.199999999999974,44.0,2.9876184149039298
359,-122.04999999999986,-122.03999999999985,46.189999999999976,46.199999999999974,5.0,2.978787325042215
360,-122.34,-122.33,46.199999999999974,46.20999999999997,0.0,2.8426678467260222
361,-122.33,-122.32,46.199999999999974,46.20999999999997,5.0,2.837726841290865
362,-122.32,-122.30999999999999,46.199999999999974,46.20999999999997,6.0,2.8401025352122877
363,-122.30999999999999,-122.29999999999998,46.199999999999974,46.20999999999997,31.0,2.8408658613562934
364,-122.29999999999998,-122.28999999999998,46.199999999999974,46.20999999999997,113.0,2.835486482904337
365,-122.28999999999998,-122.27999999999997,46.199999999999974,46.20999999999997,267.0,2.8280651379505075
366,-122.27999999999997,-122.26999999999997,46.199999999999974,46.20999999999997,697.0,2.8934906347401124
367,-122.26999999999997,-122.25999999999996,46.199999999999974,46.20999999999997,1024.0,2.9107026030121266
368,-122.25999999999996,-122.24999999999996,46.199999999999974,46.20999999999997,1248.0,2.9095798908532964
369,-122.24999999999996,-122.23999999999995,46.199999999999974,46.20999999999997,1413.0,2.876359272120269
370,-122.23999999999995,-122.22999999999995,46.199999999999974,46.20999999999997,1711.0,2.8270625755896246
371,-122.22999999999995,-122.21999999999994,46.199999999999974,46.20999999999997,1687.0,2.781077941935165
372,-122.21999999999994,-122.20999999999994,46.199999999999974,46.20999999999997,1510.0,2.7602424198133977
373,-122.20999999999994,-122.19999999999993,46.199999999999974,46.20999999999997,1629.0,2.8090359606615065
374,-122.19999999999993,-122.18999999999993,46.199999999999974,46.20999999999997,1604.0,2.8406868465135457
375,-122.18999999999993,-122.17999999999992,46.199999999999974,46.20999999999997,1606.0,2.881901690081964
376,-122.17999999999992,-122.16999999999992,46.199999999999974,46.20999999999997,1585.0,2.93307927412791
377,-122.16999999999992,-122.15999999999991,46.199999999999974,46.20999999999997,1572.0,2.9359096743132502
378,-122.15999999999991,-122.1499999999999,46.199999999999974,46.20999999999997,1792.0,2.9068443213358877
379,-122.1499999999999,-122.1399999999999,46.199999999999974,46.20999999999997,2086.0,2.8721529196133537
380,-122.1399999999999,-122.1299999999999,46.199999999999974,46.20999999999997,2127.0,2.8915817659015466
381,-122.1299999999999,-122.11999999999989,46.199999999999974,46.20999999999997,1917.0,2.929301353980761
382,-122.11999999999989,-122.10999999999989,46.199999999999974,46.20999999999997,1750.0,2.955777130763847
383,-122.10999999999989,-122.09999999999988,46.199999999999974,46.20999999999997,1961.0,2.968564357704125
384,-122.09999999999988,-122.08999999999988,46.199999999999974,46.20999999999997,1918.0,2.9752517287447273
385,-122.08999999999988,-122.07999999999987,46.199999999999974,46.20999999999997,1259.0,2.917040923745224
386,-122.07999999999987,-122.06999999999987,46.199999999999974,46.20999999999997,504.0,2.9416155703677775
387,-122.06999999999987,-122.05999999999986,46.199999999999974,46.20999999999997,290.0,2.939704242571953
388,-122.05999999999986,-122.04999999999986,46.199999999999974,46.20999999999997,85.0,2.9458914724088694
389,-122.04999999999986,-122.03999999999985,46.199999999999974,46.20999999999997,0.0,2.9441414183866637
390,-122.34,-122.33,46.20999999999997,46.21999999999997,0.0,2.895533971239852
391,-122.33,-122.32,46.20999999999997,46.21999999999997,6.0,2.899694614325164
392,-122.32,-122.30999999999999,46.20999999999997,46.21999999999997,5.0,2.922318070950758
393,-122.30999999999999,-122.29999999999998,46.20999999999997,46.21999999999997,38.0,2.950221483625454
394,-122.29999999999998,-122.28999999999998,46.20999999999997,46.21999999999997,173.0,2.980713355360792
395,-122.28999999999998,-122.27999999999997,46.20999999999997,46.21999999999997,408.0,3.0198202889053323
396,-122.27999999999997,-122.26999999999997,46.20999999999997,46.21999999999997,865.0,3.0677203012319225
397,-122.26999999999997,-122.25999999999996,46.20999999999997,46.21999999999997,904.0,3.0003252638693994
398,-122.25999999999996,-122.24999999999996,46.20999999999997,46.21999999999997,980.0,2.9522534436840364
399,-122.24999999999996,-122.23999999999995,46.20999999999997,46.21999999999997,1153.0,2.9078601310908483
400,-122.23999999999995,-122.22999999999995,46.20999999999997,46.21999999999997,1354.0,2.900263281668848
401,-122.22999999999995,-122.21999999999994,46.20999999999997,46.21999999999997,1487.0,2.905076779862968
402,-122.21999999999994,-122.20999999999994,46.20999999999997,46.21999999999997,1552.0,2.8555535572201403
403,-122.20999999999994,-122.19999999999993,46.20999999999997,46.21999999999997,1498.0,2.8258431794363332
404,-122.19999999999993,-122.18999999999993,46.20999999999997,46.21999999999997,1602.0,2.845526581852564
405,-122.18999999999993,-122.17999999999992,46.20999999999997,46.21999999999997,1853.0,2.868595623860715
406,-122.17999999999992,-122.16999999999992,46.20999999999997,46.21999999999997,1886.0,2.8817374273880305
407,-122.16999999999992,-122.15999999999991,46.20999999999997,46.21999999999997,1727.0,2.894596069924024
408,-122.15999999999991,-122.1499999999999,46.20999999999997,46.21999999999997,1692.0,2.853019271686148
409,-122.1499999999999,-122.1399999999999,46.20999999999997,46.21999999999997,1845.0,2.8759567885943125
410,-122.1399999999999,-122.1299999999999,46.20999999999997,46.21999999999997,1923.0,2.9274604439958227
411,-122.1299999999999,-122.11999999999989,46.20999999999997,46.21999999999997,1990.0,3.0061720965650958
412,-122.11999999999989,-122.10999999999989,46.20999999999997,46.21999999999997,1864.0,2.9965709602910566
413,-122.10999999999989,-122.09999999999988,46.20999999999997,46.21999999999997,1630.0,2.9382296197574376
414,-122.09999999999988,-122.08999999999988,46.20999999999997,46.21999999999997,1673.0,2.8801015255437132
415,-122.08999999999988,-122.07999999999987,46.20999999999997,46.21999999999997,1485.0,2.8541969216417775
416,-122.07999999999987,-122.06999999999987,46.20999999999997,46.21999999999997,886.0,2.8756255259132932
417,-122.06999999999987,-122.05999999999986,46.20999999999997,46.21999999999997,571.0,2.913345088640848
418,-122.05999999999986,-122.04999999999986,46.20999999999997,46.21999999999997,417.0,2.907565601242809
419,-122.04999999999986,-122.03999999999985,46.20999999999997,46.21999999999997,0.0,2.914977941280311
420,-122.34,-122.33,46.21999999999997,46.22999999999997,0.0,2.9491182495855903
421,-122.33,-122.32,46.21999999999997,46.22999999999997,6.0,2.964769605141931
422,-122.32,-122.30999999999999,46.21999999999997,46.22999999999997,23.0,3.014958783715985
423,-122.30999999999999,-122.29999999999998,46.21999999999997,46.22999999999997,121.0,3.0814406980417064
424,-122.29999999999998,-122.28999999999998,46.21999999999997,46.22999999999997,326.0,3.168563174531469
425,-122.28999999999998,-122.27999999999997,46.21999999999997,46.22999999999997,618.0,3.1564080204139517
426,-122.27999999999997,-122.26999999999997,46.21999999999997,46.22999999999997,1062.0,3.121561015665732
427,-122.26999999999997,-122.25999999999996,46.21999999999997,46.22999999999997,1012.0,2.990038916910664
428,-122.25999999999996,-122.24999999999996,46.21999999999997,46.22999999999997,1228.0,2.9300581637708114
429,-122.24999999999996,-122.23999999999995,46.21999999999997,46.22999999999997,1294.0,2.8697402458450494
430,-122.23999999999995,-122.22999999999995,46.21999999999997,46.22999999999997,1354.0,2.8403423986789194
431,-122.22999999999995,-122.21999999999994,46.21999999999997,46.22999999999997,1312.0,2.815818260692396
432,-122.21999999999994,-122.20999999999994,46.21999999999997,46.22999999999997,1260.0,2.825187630612121
433,-122.20999999999994,-122.19999999999993,46.21999999999997,46.22999999999997,1328.0,2.854773559244549
434,-122.19999999999993,-122.18999999999993,46.21999999999997,46.22999999999997,1498.0,2.861662476895528
435,-122.18999999999993,-122.17999999999992,46.21999999999997,46.22999999999997,1757.0,2.8305759393953425
436,-122.17999999999992,-122.16999999999992,46.21999999999997,46.22999999999997,1917.0,2.8270320232904207
437,-122.16999999999992,-122.15999999999991,46.21999999999997,46.22999999999997,1950.0,2.818401369049402
438,-122.15999999999991,-122.1499999999999,46.21999999999997,46.22999999999997,1725.0,2.8138386262887294
439,-122.1499999999999,-122.1399999999999,46.21999999999997,46.22999999999997,1673.0,2.886495622245943
440,-122.1399999999999,-122.1299999999999,46.21999999999997,46.22999999999997,1875.0,2.9371142544900404
441,-122.1299999999999,-122.11999999999989,46.21999999999997,46.22999999999997,2004.0,2.9539567460665332
442,-122.11999999999989,-122.10999999999989,46.21999999999997,46.22999999999997,1934.0,2.9485460477016376
443,-122.10999999999989,-122.09999999999988,46.21999999999997,46.22999999999997,1688.0,2.9377477656007045
444,-122.09999999999988,-122.08999999999988,46.21999999999997,46.22999999999997,1371.0,2.9013980598546105
445,-122.08999999999988,-122.07999999999987,46.21999999999997,46.22999999999997,1429.0,2.876663741411923
446,-122.07999999999987,-122.06999999999987,46.21999999999997,46.22999999999997,1716.0,2.8669105508581136
447,-122.06999999999987,-122.05999999999986,46.21999999999997,46.22999999999997,1042.0,2.8674168683728944
448,-122.05999999999986,-122.04999999999986,46.21999999999997,46.22999999999997,6.0,2.889413370117631
449,-122.04999999999986,-122.03999999999985,46.21999999999997,46.22999999999997,0.0,2.8979829648672313
450,-122.34,-122.33,46.22999999999997,46.23999999999997,0.0,2.9957637471632386
451,-122.33,-122.32,46.22999999999997,46.23999999999997,19.0,3.024793902957285
452,-122.32,-122.30999999999999,46.22999999999997,46.23999999999997,135.0,3.109636120064134
453,-122.30999999999999,-122.29999999999998,46.22999999999997,46.23999999999997,336.0,3.2107880734639034
454,-122.29999999999998,-122.28999999999998,46.22999999999997,46.23999999999997,540.0,3.2305534843001547
455,-122.28999999999998,-122.27999999999997,46.22999999999997,46.23999999999997,1205.0,3.2050619108568434
456,-122.27999999999997,-122.26999999999997,46.22999999999997,46.23999999999997,1239.0,3.1047675990925137
457,-122.26999999999997,-122.25999999999996,46.22999999999997,46.23999999999997,1225.0,2.967348956115783
458,-122.25999999999996,-122.24999999999996,46.22999999999997,46.23999999999997,1400.0,2.88852169707486
459,-122.24999999999996,-122.23999999999995,46.22999999999997,46.23999999999997,1420.0,2.780451199144444
460,-122.23999999999995,-122.22999999999995,46.22999999999997,46.23999999999997,1374.0,2.723415474668593
461,-122.22999999999995,-122.21999999999994,46.22999999999997,46.23999999999997,1347.0,2.6904630644012255
462,-122.21999999999994,-122.20999999999994,46.22999999999997,46.23999999999997,1313.0,2.7205005077589735
463,-122.20999999999994,-122.19999999999993,46.22999999999997,46.23999999999997,1287.0,2.7830888748787577
464,-122.19999999999993,-122.18999999999993,46.22999999999997,46.23999999999997,1334.0,2.8383436039882297
465,-122.18999999999993,-122.17999999999992,46.22999999999997,46.23999999999997,1573.0,2.8441137900638265
466,-122.17999999999992,-122.16999999999992,46.22999999999997,46.23999999999997,1701.0,2.841729908797962
467,-122.16999999999992,-122.15999999999991,46.22999999999997,46.23999999999997,1820.0,2.87357852872923
468,-122.15999999999991,-122.1499999999999,46.22999999999997,46.23999999999997,1941.0,2.8771772629025367
469,-122.1499999999999,-122.1399999999999,46.22999999999997,46.23999999999997,1904.0,2.901512170231318
470,-122.1399999999999,-122.1299999999999,46.22999999999997,46.23999999999997,1809.0,2.897524969452086
471,-122.1299999999999,-122.11999999999989,46.22999999999997,46.23999999999997,1976.0,2.937397655710671
472,-122.11999999999989,-122.10999999999989,46.22999999999997,46.23999999999997,2102.0,3.000708788925858
473,-122.10999999999989,-122.09999999999988,46.22999999999997,46.23999999999997,2203.0,3.0297744923522467
474,-122.09999999999988,-122.08999999999988,46.22999999999997,46.23999999999997,1625.0,2.9534071839041953
475,-122.08999999999988,-122.07999999999987,46.22999999999997,46.23999999999997,995.0,2.909960279868718
476,-122.07999999999987,-122.06999999999987,46.22999999999997,46.23999999999997,1452.0,2.898864523378095
477,-122.06999999999987,-122.05999999999986,46.22999999999997,46.23999999999997,2040.0,2.868359097027245
478,-122.05999999999986,-122.04999999999986,46.22999999999997,46.23999999999997,445.0,2.8795091994254984
479,-122.04999999999986,-122.03999999999985,46.22999999999997,46.23999999999997,0.0,2.892802903674829
480,-122.34,-122.33,46.23999999999997,46.249999999999964,0.0,3.025192055740227
481,-122.33,-122.32,46.23999999999997,46.249999999999964,231.0,3.062804173730275
482,-122.32,-122.30999999999999,46.23999999999997,46.249999999999964,631.0,3.1306359746126224
483,-122.30999999999999,-122.29999999999998,46.23999999999997,46.249999999999964,773.0,3.1315663891755943
484,-122.29999999999998,-122.28999999999998,46.23999999999997,46.249999999999964,976.0,3.112528766833252
485,-122.28999999999998,-122.27999999999997,46.23999999999997,46.249999999999964,812.0,3.0585537971396963
486,-122.27999999999997,-122.26999999999997,46.23999999999997,46.249999999999964,973.0,3.037314300299125
487,-122.26999999999997,-122.25999999999996,46.23999999999997,46.249999999999964,1094.0,2.977705559039533
488,-122.25999999999996,-122.24999999999996,46.23999999999997,46.249999999999964,1258.0,2.948451304799836
489,-122.24999999999996,-122.23999999999995,46.23999999999997,46.249999999999964,1288.0,2.8112474910328733
490,-122.23999999999995,-122.22999999999995,46.23999999999997,46.249999999999964,1330.0,2.7247182134345183
491,-122.22999999999995,-122.21999999999994,46.23999999999997,46.249999999999964,1303.0,2.7041724042827147
492,-122.21999999999994,-122.20999999999994,46.23999999999997,46.249999999999964,1386.0,2.727409854149299
493,-122.20999999999994,-122.19999999999993,46.23999999999997,46.249999999999964,1482.0,2.7875864455070225
494,-122.19999999999993,-122.18999999999993,46.23999999999997,46.249999999999964,1403.0,2.8265499603013486
495,-122.18999999999993,-122.17999999999992,46.23999999999997,46.249999999999964,1338.0,2.858892135717021
496,-122.17999999999992,-122.16999999999992,46.23999999999997,46.249999999999964,1337.0,2.924509398706082
497,-122.16999999999992,-122.15999999999991,46.23999999999997,46.249999999999964,1324.0,2.926245785817393
498,-122.15999999999991,-122.1499999999999,46.23999999999997,46.249999999999964,1548.0,2.912763381821361
499,-122.1499999999999,-122.1399999999999,46.23999999999997,46.249999999999964,1908.0,2.9071951551349096
500,-122.1399999999999,-122.1299999999999,46.23999999999997,46.249999999999964,2078.0,2.906471128204438
501,-122.1299999999999,-122.11999999999989,46.23999999999997,46.249999999999964,2120.0,2.9619138351170027
502,-122.11999999999989,-122.10999999999989,46.23999999999997,46.249999999999964,2130.0,3.0474091756031707
503,-122.10999999999989,-122.09999999999988,46.23999999999997,46.249999999999964,2181.0,3.105962550109194
504,-122.09999999999988,-122.08999999999988,46.23999999999997,46.249999999999964,1488.0,3.0760295057405376
505,-122.08999999999988,-122.07999999999987,46.23999999999997,46.249999999999964,1383.0,3.043240670532896
506,-122.07999999999987,-122.06999999999987,46.23999999999997,46.249999999999964,937.0,3.013315912578752
507,-122.06999999999987,-122.05999999999986,46.23999999999997,46.249999999999964,265.0,2.9322570202438127
508,-122.05999999999986,-122.04999999999986,46.23999999999997,46.249999999999964,0.0,2.9085258375758305
509,-122.04999999999986,-122.03999999999985,46.23999999999997,46.249999999999964,0.0,2.9037512131289662
510,-122.34,-122.33,46.249999999999964,46.25999999999996,0.0,3.030595546183804
511,-122.33,-122.32,46.249999999999964,46.25999999999996,0.0,3.0477368491222374
512,-122.32,-122.30999999999999,46.249999999999964,46.25999999999996,17.0,3.0673676708317306
513,-122.30999999999999,-122.29999999999998,46.249999999999964,46.25999999999996,44.0,3.0608758885113385
514,-122.29999999999998,-122.28999999999998,46.249999999999964,46.25999999999996,75.0,3.062803282750614
515,-122.28999999999998,-122.27999999999997,46.249999999999964,46.25999999999996,168.0,3.078941474781704
516,-122.27999999999997,-122.26999999999997,46.249999999999964,46.25999999999996,454.0,3.124870241667172
517,-122.26999999999997,-122.25999999999996,46.249999999999964,46.25999999999996,710.0,3.0905467257937334
518,-122.25999999999996,-122.24999999999996,46.249999999999964,46.25999999999996,820.0,3.045730673717179
519,-122.24999999999996,-122.23999999999995,46.249999999999964,46.25999999999996,832.0,2.9443223284445685
520,-122.23999999999995,-122.22999999999995,46.249999999999964,46.25999999999996,935.0,2.8548503027321543
521,-122.22999999999995,-122.21999999999994,46.249999999999964,46.25999999999996,1010.0,2.8620321297141946
522,-122.21999999999994,-122.20999999999994,46.249999999999964,46.25999999999996,1014.0,2.8728554887368856
523,-122.20999999999994,-122.19999999999993,46.249999999999964,46.25999999999996,1161.0,2.9394420668779677
524,-122.19999999999993,-122.18999999999993,46.249999999999964,46.25999999999996,1218.0,2.972874181115315
525,-122.18999999999993,-122.17999999999992,46.249999999999964,46.25999999999996,1169.0,3.009406956235072
526,-122.17999999999992,-122.16999999999992,46.249999999999964,46.25999999999996,1290.0,3.057249491957811
527,-122.16999999999992,-122.15999999999991,46.249999999999964,46.25999999999996,1219.0,2.9745033797309466
528,-122.15999999999991,-122.1499999999999,46.249999999999964,46.25999999999996,1392.0,2.902059231116693
529,-122.1499999999999,-122.1399999999999,46.249999999999964,46.25999999999996,1666.0,2.8460324950887856
530,-122.1399999999999,-122.1299999999999,46.249999999999964,46.25999999999996,2168.0,2.8305618308821234
531,-122.1299999999999,-122.11999999999989,46.249999999999964,46.25999999999996,2561.0,2.8634474871981253
532,-122.11999999999989,-122.10999999999989,46.249999999999964,46.25999999999996,2621.0,2.965984051841187
533,-122.10999999999989,-122.09999999999988,46.249999999999964,46.25999999999996,1976.0,2.9974628053643397
534,-122.09999999999988,-122.08999999999988,46.249999999999964,46.25999999999996,1226.0,2.987678648492663
535,-122.08999999999988,-122.07999999999987,46.249999999999964,46.25999999999996,1186.0,2.9581414341835393
536,-122.07999999999987,-122.06999999999987,46.249999999999964,46.25999999999996,520.0,2.9917459497345673
537,-122.06999999999987,-122.05999999999986,46.249999999999964,46.25999999999996,0.0,2.947351071129858
538,-122.05999999999986,-122.04999999999986,46.249999999999964,46.25999999999996,0.0,2.923031114915508
539,-122.04999999999986,-122.03999999999985,46.249999999999964,46.25999999999996,0.0,2.9135368990179584
540,-122.34,-122.33,46.25999999999996,46.26999999999996,0.0,3.0322164670636176
541,-122.33,-122.32,46.25999999999996,46.26999999999996,0.0,3.045105672811816
542,-122.32,-122.30999999999999,46.25999999999996,46.26999999999996,0.0,3.0668455177887
543,-122.30999999999999,-122.29999999999998,46.25999999999996,46.26999999999996,1.0,3.0945597323148855
544,-122.29999999999998,-122.28999999999998,46.25999999999996,46.26999999999996,13.0,3.146103880770293
545,-122.28999999999998,-122.27999999999997,46.25999999999996,46.26999999999996,83.0,3.2422212183333645
546,-122.27999999999997,-122.26999999999997,46.25999999999996,46.26999999999996,392.0,3.391988888472449
547,-122.26999999999997,-122.25999999999996,46.25999999999996,46.26999999999996,690.0,3.3907595783396474
548,-122.25999999999996,-122.24999999999996,46.25999999999996,46.26999999999996,766.0,3.321144034344797
549,-122.24999999999996,-122.23999999999995,46.25999999999996,46.26999999999996,877.0,3.2023383994905408
550,-122.23999999999995,-122.22999999999995,46.25999999999996,46.26999999999996,1003.0,3.0797059065172987
551,-122.22999999999995,-122.21999999999994,46.25999999999996,46.26999999999996,1156.0,3.052256879904244
552,-122.21999999999994,-122.20999999999994,46.25999999999996,46.26999999999996,1130.0,3.043481713705001
553,-122.20999999999994,-122.19999999999993,46.25999999999996,46.26999999999996,1287.0,3.0613417728961103
554,-122.19999999999993,-122.18999999999993,46.25999999999996,46.26999999999996,1458.0,3.095440870662115
555,-122.18999999999993,-122.17999999999992,46.25999999999996,46.26999999999996,1763.0,3.0869005413502917
556,-122.17999999999992,-122.16999999999992,46.25999999999996,46.26999999999996,1629.0,3.0397750009107223
557,-122.16999999999992,-122.15999999999991,46.25999999999996,46.26999999999996,1300.0,2.8980040479019746
558,-122.15999999999991,-122.1499999999999,46.25999999999996,46.26999999999996,1172.0,2.7874831249082495
559,-122.1499999999999,-122.1399999999999,46.25999999999996,46.26999999999996,1059.0,2.7402303717647714
560,-122.1399999999999,-122.1299999999999,46.25999999999996,46.26999999999996,1062.0,2.750934300188196
561,-122.1299999999999,-122.11999999999989,46.25999999999996,46.26999999999996,1303.0,2.792659166754168
562,-122.11999999999989,-122.10999999999989,46.25999999999996,46.26999999999996,1696.0,2.896675253093461
563,-122.10999999999989,-122.09999999999988,46.25999999999996,46.26999999999996,1211.0,2.9596672151788477
564,-122.09999999999988,-122.08999999999988,46.25999999999996,46.26999999999996,1126.0,2.9955724277089777
565,-122.08999999999988,-122.07999999999987,46.25999999999996,46.26999999999996,1139.0,2.9965680406111823
566,-122.07999999999987,-122.06999999999987,46.25999999999996,46.26999999999996,370.0,2.987276562609751
567,-122.06999999999987,-122.05999999999986,46.25999999999996,46.26999999999996,0.0,2.950097279862985
568,-122.05999999999986,-122.04999999999986,46.25999999999996,46.26999999999996,0.0,2.927983639077126
569,-122.04999999999986,-122.03999999999985,46.25999999999996,46.26999999999996,0.0,2.918147629154872
570,-122.34,-122.33,46.26999999999996,46.27999999999996,0.0,3.0343848346893085
571,-122.33,-122.32,46.26999999999996,46.27999999999996,0.0,3.048252038543216
572,-122.32,-122.30999999999999,46.26999999999996,46.27999999999996,0.0,3.076964135743375
573,-122.30999999999999,-122.29999999999998,46.26999999999996,46.27999999999996,1.0,3.126019473634365
574,-122.29999999999998,-122.28999999999998,46.26999999999996,46.27999999999996,21.0,3.213598028137753
575,-122.28999999999998,-122.27999999999997,46.26999999999996,46.27999999999996,94.0,3.3693303649971016
576,-122.27999999999997,-122.26999999999997,46.26999999999996,46.27999999999996,585.0,3.6137982742687433
577,-122.26999999999997,-122.25999999999996,46.26999999999996,46.27999999999996,1214.0,3.603415980347202
578,-122.25999999999996,-122.24999999999996,46.26999999999996,46.27999999999996,1341.0,3.5442162880162242
579,-122.24999999999996,-122.23999999999995,46.26999999999996,46.27999999999996,1528.0,3.438097923019907
580,-122.23999999999995,-122.22999999999995,46.26999999999996,46.27999999999996,1653.0,3.2637763163365707
581,-122.22999999999995,-122.21999999999994,46.26999999999996,46.27999999999996,1745.0,3.1655980061190196
582,-122.21999999999994,-122.20999999999994,46.26999999999996,46.27999999999996,1625.0,3.1251828026142245
583,-122.20999999999994,-122.19999999999993,46.26999999999996,46.27999999999996,1538.0,3.083583349327552
584,-122.19999999999993,-122.18999999999993,46.26999999999996,46.27999999999996,1241.0,3.0406389706068846
585,-122.18999999999993,-122.17999999999992,46.26999999999996,46.27999999999996,1373.0,3.0029925895609124
586,-122.17999999999992,-122.16999999999992,46.26999999999996,46.27999999999996,1070.0,2.955054206416368
587,-122.16999999999992,-122.15999999999991,46.26999999999996,46.27999999999996,613.0,2.8370039558919036
588,-122.15999999999991,-122.1499999999999,46.26999999999996,46.27999999999996,482.0,2.7170759495973416
589,-122.1499999999999,-122.1399999999999,46.26999999999996,46.27999999999996,450.0,2.664528079271976
590,-122.1399999999999,-122.1299999999999,46.26999999999996,46.27999999999996,477.0,2.6660601139484443
591,-122.1299999999999,-122.11999999999989,46.26999999999996,46.27999999999996,594.0,2.7216116521191958
592,-122.11999999999989,-122.10999999999989,46.26999999999996,46.27999999999996,935.0,2.837950978210504
593,-122.10999999999989,-122.09999999999988,46.26999999999996,46.27999999999996,1333.0,2.955249866735269
594,-122.09999999999988,-122.08999999999988,46.26999999999996,46.27999999999996,1155.0,3.0110318479336313
595,-122.08999999999988,-122.07999999999987,46.26999999999996,46.27999999999996,1359.0,3.0304369113435032
596,-122.07999999999987,-122.06999999999987,46.26999999999996,46.27999999999996,14.0,2.980025195445864
597,-122.06999999999987,-122.05999999999986,46.26999999999996,46.27999999999996,0.0,2.945405836173292
598,-122.05999999999986,-122.04999999999986,46.26999999999996,46.27999999999996,0.0,2.9261916157217644
599,-122.04999999999986,-122.03999999999985,46.26999999999996,46.27999999999996,0.0,2.917554028064639
600,-122.34,-122.33,46.27999999999996,46.28999999999996,0.0,3.036306119773416
601,-122.33,-122.32,46.27999999999996,46.28999999999996,0.0,3.051562309006624
602,-122.32,-122.30999999999999,46.27999999999996,46.28999999999996,0.0,3.0848397321770014
603,-122.30999999999999,-122.29999999999998,46.27999999999996,46.28999999999996,0.0,3.1440010345814247
604,-122.29999999999998,-122.28999999999998,46.27999999999996,46.28999999999996,33.0,3.24713924812722
605,-122.28999999999998,-122.27999999999997,46.27999999999996,46.28999999999996,108.0,3.3976346576095535
606,-122.27999999999997,-122.26999999999997,46.27999999999996,46.28999999999996,1112.0,3.639982374669
607,-122.26999999999997,-122.25999999999996,46.27999999999996,46.28999999999996,1380.0,3.6706680368925926
608,-122.25999999999996,-122.24999999999996,46.27999999999996,46.28999999999996,1207.0,3.640049834665727
609,-122.24999999999996,-122.23999999999995,46.27999999999996,46.28999999999996,1107.0,3.5406166182441914
610,-122.23999999999995,-122.22999999999995,46.27999999999996,46.28999999999996,1053.0,3.4165375396491977
611,-122.22999999999995,-122.21999999999994,46.27999999999996,46.28999999999996,951.0,3.328775309646484
612,-122.21999999999994,-122.20999999999994,46.27999999999996,46.28999999999996,952.0,3.2420537361509147
613,-122.20999999999994,-122.19999999999993,46.27999999999996,46.28999999999996,761.0,3.143646840998798
614,-122.19999999999993,-122.18999999999993,46.27999999999996,46.28999999999996,539.0,3.030361484184842
615,-122.18999999999993,-122.17999999999992,46.27999999999996,46.28999999999996,386.0,2.935245134990538
616,-122.17999999999992,-122.16999999999992,46.27999999999996,46.28999999999996,400.0,2.8597823410502587
617,-122.16999999999992,-122.15999999999991,46.27999999999996,46.28999999999996,287.0,2.782268521666604
618,-122.15999999999991,-122.1499999999999,46.27999999999996,46.28999999999996,273.0,2.714944159355624
619,-122.1499999999999,-122.1399999999999,46.27999999999996,46.28999999999996,265.0,2.6803174952371194
620,-122.1399999999999,-122.1299999999999,46.27999999999996,46.28999999999996,263.0,2.678517726495232
621,-122.1299999999999,-122.11999999999989,46.27999999999996,46.28999999999996,275.0,2.711105352641556
622,-122.11999999999989,-122.10999999999989,46.27999999999996,46.28999999999996,327.0,2.783042186065065
623,-122.10999999999989,-122.09999999999988,46.27999999999996,46.28999999999996,719.0,2.8949090569282654
624,-122.09999999999988,-122.08999999999988,46.27999999999996,46.28999999999996,1108.0,3.001140211940197
625,-122.08999999999988,-122.07999999999987,46.27999999999996,46.28999999999996,699.0,2.987516273810952
626,-122.07999999999987,-122.06999999999987,46.27999999999996,46.28999999999996,0.0,2.9545267940161692
627,-122.06999999999987,-122.05999999999986,46.27999999999996,46.28999999999996,0.0,2.9325310668431444
628,-122.05999999999986,-122.04999999999986,46.27999999999996,46.28999999999996,0.0,2.9191862186704904
629,-122.04999999999986,-122.03999999999985,46.27999999999996,46.28999999999996,0.0,2.912902231050244
630,-122.34,-122.33,46.28999999999996,46.299999999999955,0.0,3.0367596642974295
631,-122.33,-122.32,46.28999999999996,46.299999999999955,0.0,3.0522347581047753
632,-122.32,-122.30999999999999,46.28999999999996,46.299999999999955,0.0,3.08599451010278
633,-122.30999999999999,-122.29999999999998,46.28999999999996,46.299999999999955,0.0,3.145155952162792
634,-122.29999999999998,-122.28999999999998,46.28999999999996,46.299999999999955,90.0,3.244580445061072
635,-122.28999999999998,-122.27999999999997,46.28999999999996,46.299999999999955,164.0,3.3451107283086996
636,-122.27999999999997,-122.26999999999997,46.28999999999996,46.299999999999955,514.0,3.519195849812921
637,-122.26999999999997,-122.25999999999996,46.28999999999996,46.299999999999955,728.0,3.5786747954298277
638,-122.25999999999996,-122.24999999999996,46.28999999999996,46.299999999999955,597.0,3.568837506005697
639,-122.24999999999996,-122.23999999999995,46.28999999999996,46.299999999999955,354.0,3.5448464405021642
640,-122.23999999999995,-122.22999999999995,46.28999999999996,46.299999999999955,391.0,3.4598861228744293
641,-122.22999999999995,-122.21999999999994,46.28999999999996,46.299999999999955,394.0,3.344305905723792
642,-122.21999999999994,-122.20999999999994,46.28999999999996,46.299999999999955,199.0,3.2561910843710677
643,-122.20999999999994,-122.19999999999993,46.28999999999996,46.299999999999955,128.0,3.1552566751777373
644,-122.19999999999993,-122.18999999999993,46.28999999999996,46.299999999999955,92.0,3.0544561127117555
645,-122.18999999999993,-122.17999999999992,46.28999999999996,46.299999999999955,72.0,2.9699582295956275
646,-122.17999999999992,-122.16999999999992,46.28999999999996,46.299999999999955,59.0,2.8980814744256422
647,-122.16999999999992,-122.15999999999991,46.28999999999996,46.299999999999955,46.0,2.8367173240182963
648,-122.15999999999991,-122.1499999999999,46.28999999999996,46.299999999999955,31.0,2.786824138103031
649,-122.1499999999999,-122.1399999999999,46.28999999999996,46.299999999999955,18.0,2.7578552481817447
650,-122.1399999999999,-122.1299999999999,46.28999999999996,46.299999999999955,11.0,2.7530942611753355
651,-122.1299999999999,-122.11999999999989,46.28999999999996,46.299999999999955,4.0,2.7729220971279167
652,-122.11999999999989,-122.10999999999989,46.28999999999996,46.299999999999955,3.0,2.8156625055618294
653,-122.10999999999989,-122.09999999999988,46.28999999999996,46.299999999999955,0.0,2.8735530553187867
654,-122.09999999999988,-122.08999999999988,46.28999999999996,46.299999999999955,0.0,2.9228666774050827
655,-122.08999999999988,-122.07999999999987,46.28999999999996,46.299999999999955,0.0,2.9334454462342396
656,-122.07999999999987,-122.06999999999987,46.28999999999996,46.299999999999955,0.0,2.926376339955248
657,-122.06999999999987,-122.05999999999986,46.28999999999996,46.299999999999955,0.0,2.9170361670717164
658,-122.05999999999986,-122.04999999999986,46.28999999999996,46.299999999999955,0.0,2.909908259320594
659,-122.04999999999986,-122.03999999999985,46.28999999999996,46.299999999999955,0.0,2.906207771323028
660,-122.34,-122.33,46.299999999999955,46.30999999999995,0.0,3.0355758561132715
661,-122.33,-122.32,46.299999999999955,46.30999999999995,0.0,3.0500601520238426
662,-122.32,-122.30999999999999,46.299999999999955,46.30999999999995,0.0,3.0809956084476706
663,-122.30999999999999,-122.29999999999998,46.299999999999955,46.30999999999995,0.0,3.1330089750996812
664,-122.29999999999998,-122.28999999999998,46.299999999999955,46.30999999999995,129.0,3.2154409787614675
665,-122.28999999999998,-122.27999999999997,46.299999999999955,46.30999999999995,212.0,3.301442776862846
666,-122.27999999999997,-122.26999999999997,46.299999999999955,46.30999999999995,358.0,3.420770570417463
667,-122.26999999999997,-122.25999999999996,46.299999999999955,46.30999999999995,135.0,3.477017531564645
668,-122.25999999999996,-122.24999999999996,46.299999999999955,46.30999999999995,77.0,3.46341397922083
669,-122.24999999999996,-122.23999999999995,46.299999999999955,46.30999999999995,46.0,3.4105417693137072
670,-122.23999999999995,-122.22999999999995,46.299999999999955,46.30999999999995,29.0,3.34121277879231
671,-122.22999999999995,-122.21999999999994,46.299999999999955,46.30999999999995,19.0,3.259363184510186
672,-122.21999999999994,-122.20999999999994,46.299999999999955,46.30999999999995,15.0,3.181390446225451
673,-122.20999999999994,-122.19999999999993,46.299999999999955,46.30999999999995,1.0,3.1033253701290384
674,-122.19999999999993,-122.18999999999993,46.299999999999955,46.30999999999995,0.0,3.029189830626577
675,-122.18999999999993,-122.17999999999992,46.299999999999955,46.30999999999995,0.0,2.963466850704593
676,-122.17999999999992,-122.16999999999992,46.299999999999955,46.30999999999995,0.0,2.906810601850211
677,-122.16999999999992,-122.15999999999991,46.299999999999955,46.30999999999995,0.0,2.859583097461279
678,-122.15999999999991,-122.1499999999999,46.299999999999955,46.30999999999995,0.0,2.823371357666376
679,-122.1499999999999,-122.1399999999999,46.299999999999955,46.30999999999995,0.0,2.801815235576329
680,-122.1399999999999,-122.1299999999999,46.299999999999955,46.30999999999995,0.0,2.796759994854341
681,-122.1299999999999,-122.11999999999989,46.299999999999955,46.30999999999995,0.0,2.807931504275416
682,-122.11999999999989,-122.10999999999989,46.299999999999955,46.30999999999995,0.0,2.83262794332382
683,-122.10999999999989,-122.09999999999988,46.299999999999955,46.30999999999995,0.0,2.864311873788283
684,-122.09999999999988,-122.08999999999988,46.299999999999955,46.30999999999995,0.0,2.891534537072686
685,-122.08999999999988,-122.07999999999987,46.299999999999955,46.30999999999995,0.0,2.904083374324588
686,-122.07999999999987,-122.06999999999987,46.299999999999955,46.30999999999995,0.0,2.9061585872833082
687,-122.06999999999987,-122.05999999999986,46.299999999999955,46.30999999999995,0.0,2.9040197399894807
688,-122.05999999999986,-122.04999999999986,46.299999999999955,46.30999999999995,0.0,2.901260376443509
689,-122.04999999999986,-122.03999999999985,46.299999999999955,46.30999999999995,0.0,2.8995612948311367
690,-122.34,-122.33,46.30999999999995,46.31999999999995,0.0,3.0336276787189824
691,-122.33,-122.32,46.30999999999995,46.31999999999995,0.0,3.046643689945318
692,-122.32,-122.30999999999999,46.30999999999995,46.31999999999995,0.0,3.0734667225825354
693,-122.30999999999999,-122.29999999999998,46.30999999999995,46.31999999999995,0.0,3.115276804959031
694,-122.29999999999998,-122.28999999999998,46.30999999999995,46.31999999999995,0.0,3.1718327760812386
695,-122.28999999999998,-122.27999999999997,46.30999999999995,46.31999999999995,48.0,3.233792160882164
696,-122.27999999999997,-122.26999999999997,46.30999999999995,46.31999999999995,10.0,3.3000829283774054
697,-122.26999999999997,-122.25999999999996,46.30999999999995,46.31999999999995,0.0,3.333518521561506
698,-122.25999999999996,-122.24999999999996,46.30999999999995,46.31999999999995,0.0,3.3313707197551548
699,-122.24999999999996,-122.23999999999995,46.30999999999995,46.31999999999995,0.0,3.301086963676555
700,-122.23999999999995,-122.22999999999995,46.30999999999995,46.31999999999995,0.0,3.2531767831521257
701,-122.22999999999995,-122.21999999999994,46.30999999999995,46.31999999999995,0.0,3.19466687840997
702,-122.21999999999994,-122.20999999999994,46.30999999999995,46.31999999999995,0.0,3.133202946838284
703,-122.20999999999994,-122.19999999999993,46.30999999999995,46.31999999999995,0.0,3.0713660425848133
704,-122.19999999999993,-122.18999999999993,46.30999999999995,46.31999999999995,0.0,3.012184900534992
705,-122.18999999999993,-122.17999999999992,46.30999999999995,46.31999999999995,0.0,2.95846515095372
706,-122.17999999999992,-122.16999999999992,46.30999999999995,46.31999999999995,0.0,2.9117670632636226
707,-122.16999999999992,-122.15999999999991,46.30999999999995,46.31999999999995,0.0,2.873242230898721
708,-122.15999999999991,-122.1499999999999,46.30999999999995,46.31999999999995,0.0,2.844305063435065
709,-122.1499999999999,-122.1399999999999,46.30999999999995,46.31999999999995,0.0,2.826661371945353
710,-122.1399999999999,-122.1299999999999,46.30999999999995,46.31999999999995,0.0,2.8211048550527815
711,-122.1299999999999,-122.11999999999989,46.30999999999995,46.31999999999995,0.0,2.8269591935234777
712,-122.11999999999989,-122.10999999999989,46.30999999999995,46.31999999999995,0.0,2.841730713438037
713,-122.10999999999989,-122.09999999999988,46.30999999999995,46.31999999999995,0.0,2.8608451824628793
714,-122.09999999999988,-122.08999999999988,46.30999999999995,46.31999999999995,0.0,2.8782107311236924
715,-122.08999999999988,-122.07999999999987,46.30999999999995,46.31999999999995,0.0,2.889170335768846
716,-122.07999999999987,-122.06999999999987,46.30999999999995,46.31999999999995,0.0,2.8940507440131724
717,-122.06999999999987,-122.05999999999986,46.30999999999995,46.31999999999995,0.0,2.895253913067527
718,-122.05999999999986,-122.04999999999986,46.30999999999995,46.31999999999995,0.0,2.8949331891606436
719,-122.04999999999986,-122.03999999999985,46.30999999999995,46.31999999999995,0.0,2.8944585507602154
720,-122.34,-122.33,46.31999999999995,46.32,0.0,3.0322268853753993
721,-122.33,-122.32,46.31999999999995,46.32,0.0,3.044257586899221
722,-122.32,-122.30999999999999,46.31999999999995,46.32,0.0,3.068495262677968
723,-122.30999999999999,-122.29999999999998,46.31999999999995,46.32,0.0,3.104705876410134
724,-122.29999999999998,-122.28999999999998,46.31999999999995,46.32,0.0,3.150790081867593
725,-122.28999999999998,-122.27999999999997,46.31999999999995,46.32,0.0,3.2006451869827934
726,-122.27999999999997,-122.26999999999997,46.31999999999995,46.32,0.0,3.2466818177411025
727,-122.26999999999997,-122.25999999999996,46.31999999999995,46.32,0.0,3.2727228666435386
728,-122.25999999999996,-122.24999999999996,46.31999999999995,46.32,0.0,3.273336941448087
729,-122.24999999999996,-122.23999999999995,46.31999999999995,46.32,0.0,3.251189085934265
730,-122.23999999999995,-122.22999999999995,46.31999999999995,46.32,0.0,3.2126095570690003
731,-122.22999999999995,-122.21999999999994,46.31999999999995,46.32,0.0,3.1638030266118986
732,-122.21999999999994,-122.20999999999994,46.31999999999995,46.32,0.0,3.110426324096724
733,-122.20999999999994,-122.19999999999993,46.31999999999995,46.32,0.0,3.0560960838017746
734,-122.19999999999993,-122.18999999999993,46.31999999999995,46.32,0.0,3.0037460779722758
735,-122.18999999999993,-122.17999999999992,46.31999999999995,46.32,0.0,2.9557838186600724
736,-122.17999999999992,-122.16999999999992,46.31999999999995,46.32,0.0,2.9139267588655398
737,-122.16999999999992,-122.15999999999991,46.31999999999995,46.32,0.0,2.8795140120341944
738,-122.15999999999991,-122.1499999999999,46.31999999999995,46.32,0.0,2.8537876863438947
739,-122.1499999999999,-122.1399999999999,46.31999999999995,46.32,0.0,2.837817067233969
740,-122.1399999999999,-122.1299999999999,46.31999999999995,46.32,0.0,2.831940642736107
741,-122.1299999999999,-122.11999999999989,46.31999999999995,46.32,0.0,2.8353363287602127
742,-122.11999999999989,-122.10999999999989,46.31999999999995,46.32,0.0,2.8457950444534976
743,-122.10999999999989,-122.09999999999988,46.31999999999995,46.32,0.0,2.8597805304684183
744,-122.09999999999988,-122.08999999999988,46.31999999999995,46.32,0.0,2.8731722550870797
745,-122.08999999999988,-122.07999999999987,46.31999999999995,46.32,0.0,2.8829286523389963
746,-122.07999999999987,-122.06999999999987,46.31999999999995,46.32,0.0,2.8884985057474646
747,-122.06999999999987,-122.05999999999986,46.31999999999995,46.32,0.0,2.8909382968042165
748,-122.05999999999986,-122.04999999999986,46.31999999999995,46.32,0.0,2.8916552700965035
749,-122.04999999999986,-122.03999999999985,46.31999999999995,46.32,0.0,2.891734356714545
