cell_index,lon_min,lon_max,lat_min,lat_max,ray_count
0,-122.34,-122.33,46.08,46.089999999999996,0.0
1,-122.33,-122.32,46.08,46.089999999999996,0.0
2,-122.32,-122.30999999999999,46.08,46.089999999999996,0.0
3,-122.30999999999999,-122.29999999999998,46.08,46.089999999999996,0.0
4,-122.29999999999998,-122.28999999999998,46.08,46.089999999999996,0.0
5,-122.28999999999998,-122.27999999999997,46.08,46.089999999999996,0.0
6,-122.27999999999997,-122.26999999999997,46.08,46.089999999999996,0.0
7,-122.26999999999997,-122.25999999999996,46.08,46.089999999999996,0.0
8,-122.25999999999996,-122.24999999999996,46.08,46.089999999999996,0.0
9,-122.24999999999996,-122.23999999999995,46.08,46.089999999999996,0.0
10,-122.23999999999995,-122.22999999999995,46.08,46.089999999999996,0.0
11,-122.22999999999995,-122.21999999999994,46.08,46.089999999999996,0.0
12,-122.21999999999994,-122.20999999999994,46.08,46.089999999999996,0.0
13,-122.20999999999994,-122.19999999999993,46.08,46.089999999999996,0.0
14,-122.19999999999993,-122.18999999999993,46.08,46.089999999999996,0.0
15,-122.18999999999993,-122.17999999999992,46.08,46.089999999999996,0.0
16,-122.17999999999992,-122.16999999999992,46.08,46.089999999999996,0.0
17,-122.16999999999992,-122.15999999999991,46.08,46.089999999999996,0.0
18,-122.15999999999991,-122.1499999999999,46.08,46.089999999999996,0.0
19,-122.1499999999999,-122.1399999999999,46.08,46.089999999999996,0.0
20,-122.1399999999999,-122.1299999999999,46.08,46.089999999999996,0.0
21,-122.1299999999999,-122.11999999999989,46.08,46.089999999999996,0.0
22,-122.11999999999989,-122.10999999999989,46.08,46.089999999999996,0.0
23,-122.10999999999989,-122.09999999999988,46.08,46.089999999999996,0.0
24,-122.09999999999988,-122.08999999999988,46.08,46.089999999999996,0.0
25,-122.08999999999988,-122.07999999999987,46.08,46.089999999999996,0.0
26,-122.07999999999987,-122.06999999999987,46.08,46.089999999999996,0.0
27,-122.06999999999987,-122.05999999999986,46.08,46.089999999999996,0.0
28,-122.05999999999986,-122.04999999999986,46.08,46.089999999999996,0.0
29,-122.04999999999986,-122.03999999999985,46.08,46.089999999999996,0.0
30,-122.34,-122.33,46.089999999999996,46.099999999999994,0.0
31,-122.33,-122.32,46.089999999999996,46.099999999999994,0.0
32,-122.32,-122.30999999999999,46.089999999999996,46.099999999999994,0.0
33,-122.30999999999999,-122.29999999999998,46.089999999999996,46.099999999999994,0.0
34,-122.29999999999998,-122.28999999999998,46.089999999999996,46.099999999999994,0.0
35,-122.28999999999998,-122.27999999999997,46.089999999999996,46.099999999999994,0.0
36,-122.27999999999997,-122.26999999999997,46.089999999999996,46.099999999999994,0.0
37,-122.26999999999997,-122.25999999999996,46.089999999999996,46.099999999999994,0.0
38,-122.25999999999996,-122.24999999999996,46.089999999999996,46.099999999999994,0.0
39,-122.24999999999996,-122.23999999999995,46.089999999999996,46.099999999999994,0.0
40,-122.23999999999995,-122.22999999999995,46.089999999999996,46.099999999999994,0.0
41,-122.22999999999995,-122.21999999999994,46.089999999999996,46.099999999999994,0.0
42,-122.21999999999994,-122.20999999999994,46.089999999999996,46.099999999999994,118.0
43,-122.20999999999994,-122.19999999999993,46.089999999999996,46.099999999999994,174.0
44,-122.19999999999993,-122.18999999999993,46.089999999999996,46.099999999999994,26.0
45,-122.18999999999993,-122.17999999999992,46.089999999999996,46.099999999999994,3.0
46,-122.17999999999992,-122.16999999999992,46.089999999999996,46.099999999999994,3.0
47,-122.16999999999992,-122.15999999999991,46.089999999999996,46.099999999999994,0.0
48,-122.15999999999991,-122.1499999999999,46.089999999999996,46.099999999999994,0.0
49,-122.1499999999999,-122.1399999999999,46.089999999999996,46.099999999999994,0.0
50,-122.1399999999999,-122.1299999999999,46.089999999999996,46.099999999999994,0.0
51,-122.1299999999999,-122.11999999999989,46.089999999999996,46.099999999999994,0.0
52,-122.11999999999989,-122.10999999999989,46.089999999999996,46.099999999999994,0.0
53,-122.10999999999989,-122.09999999999988,46.089999999999996,46.099999999999994,0.0
54,-122.09999999999988,-122.08999999999988,46.089999999999996,46.099999999999994,0.0
55,-122.08999999999988,-122.07999999999987,46.089999999999996,46.099999999999994,0.0
56,-122.07999999999987,-122.06999999999987,46.089999999999996,46.099999999999994,0.0
57,-122.06999999999987,-122.05999999999986,46.089999999999996,46.099999999999994,0.0
58,-122.05999999999986,-122.04999999999986,46.089999999999996,46.099999999999994,0.0
59,-122.04999999999986,-122.03999999999985,46.089999999999996,46.099999999999994,0.0
60,-122.34,-122.33,46.099999999999994,46.10999999999999,0.0
61,-122.33,-122.32,46.099999999999994,46.10999999999999,0.0
62,-122.32,-122.30999999999999,46.099999999999994,46.10999999999999,0.0
63,-122.30999999999999,-122.29999999999998,46.099999999999994,46.10999999999999,0.0
64,-122.29999999999998,-122.28999999999998,46.099999999999994,46.10999999999999,0.0
65,-122.28999999999998,-122.27999999999997,46.099999999999994,46.10999999999999,0.0
66,-122.27999999999997,-122.26999999999997,46.099999999999994,46.10999999999999,0.0
67,-122.26999999999997,-122.25999999999996,46.099999999999994,46.10999999999999,0.0
68,-122.25999999999996,-122.24999999999996,46.099999999999994,46.10999999999999,0.0
69,-122.24999999999996,-122.23999999999995,46.099999999999994,46.10999999999999,0.0
70,-122.23999999999995,-122.22999999999995,46.099999999999994,46.10999999999999,0.0
71,-122.22999999999995,-122.21999999999994,46.099999999999994,46.10999999999999,20.0
72,-122.21999999999994,-122.20999999999994,46.099999999999994,46.10999999999999,524.0
73,-122.20999999999994,-122.19999999999993,46.099999999999994,46.10999999999999,431.0
74,-122.19999999999993,-122.18999999999993,46.099999999999994,46.10999999999999,192.0
75,-122.18999999999993,-122.17999999999992,46.099999999999994,46.10999999999999,87.0
76,-122.17999999999992,-122.16999999999992,46.099999999999994,46.10999999999999,33.0
77,-122.16999999999992,-122.15999999999991,46.099999999999994,46.10999999999999,14.0
78,-122.15999999999991,-122.1499999999999,46.099999999999994,46.10999999999999,5.0
79,-122.1499999999999,-122.1399999999999,46.099999999999994,46.10999999999999,3.0
80,-122.1399999999999,-122.1299999999999,46.099999999999994,46.10999999999999,3.0
81,-122.1299999999999,-122.11999999999989,46.099999999999994,46.10999999999999,0.0
82,-122.11999999999989,-122.10999999999989,46.099999999999994,46.10999999999999,0.0
83,-122.10999999999989,-122.09999999999988,46.099999999999994,46.10999999999999,0.0
84,-122.09999999999988,-122.08999999999988,46.099999999999994,46.10999999999999,0.0
85,-122.08999999999988,-122.07999999999987,46.099999999999994,46.10999999999999,0.0
86,-122.07999999999987,-122.06999999999987,46.099999999999994,46.10999999999999,0.0
87,-122.06999999999987,-122.05999999999986,46.099999999999994,46.10999999999999,0.0
88,-122.05999999999986,-122.04999999999986,46.099999999999994,46.10999999999999,0.0
89,-122.04999999999986,-122.03999999999985,46.099999999999994,46.10999999999999,0.0
90,-122.34,-122.33,46.10999999999999,46.11999999999999,0.0
91,-122.33,-122.32,46.10999999999999,46.11999999999999,0.0
92,-122.32,-122.30999999999999,46.10999999999999,46.11999999999999,0.0
93,-122.30999999999999,-122.29999999999998,46.10999999999999,46.11999999999999,0.0
94,-122.29999999999998,-122.28999999999998,46.10999999999999,46.11999999999999,0.0
95,-122.28999999999998,-122.27999999999997,46.10999999999999,46.11999999999999,0.0
96,-122.27999999999997,-122.26999999999997,46.10999999999999,46.11999999999999,0.0
97,-122.26999999999997,-122.25999999999996,46.10999999999999,46.11999999999999,0.0
98,-122.25999999999996,-122.24999999999996,46.10999999999999,46.11999999999999,0.0
99,-122.24999999999996,-122.23999999999995,46.10999999999999,46.11999999999999,0.0
100,-122.23999999999995,-122.22999999999995,46.10999999999999,46.11999999999999,148.0
101,-122.22999999999995,-122.21999999999994,46.10999999999999,46.11999999999999,438.0
102,-122.21999999999994,-122.20999999999994,46.10999999999999,46.11999999999999,594.0
103,-122.20999999999994,-122.19999999999993,46.10999999999999,46.11999999999999,755.0
104,-122.19999999999993,-122.18999999999993,46.10999999999999,46.11999999999999,649.0
105,-122.18999999999993,-122.17999999999992,46.10999999999999,46.11999999999999,247.0
106,-122.17999999999992,-122.16999999999992,46.10999999999999,46.11999999999999,140.0
107,-122.16999999999992,-122.15999999999991,46.10999999999999,46.11999999999999,78.0
108,-122.15999999999991,-122.1499999999999,46.10999999999999,46.11999999999999,42.0
109,-122.1499999999999,-122.1399999999999,46.10999999999999,46.11999999999999,26.0
110,-122.1399999999999,-122.1299999999999,46.10999999999999,46.11999999999999,18.0
111,-122.1299999999999,-122.11999999999989,46.10999999999999,46.11999999999999,14.0
112,-122.11999999999989,-122.10999999999989,46.10999999999999,46.11999999999999,11.0
113,-122.10999999999989,-122.09999999999988,46.10999999999999,46.11999999999999,7.0
114,-122.09999999999988,-122.08999999999988,46.10999999999999,46.11999999999999,3.0
115,-122.08999999999988,-122.07999999999987,46.10999999999999,46.11999999999999,0.0
116,-122.07999999999987,-122.06999999999987,46.10999999999999,46.11999999999999,0.0
117,-122.06999999999987,-122.05999999999986,46.10999999999999,46.11999999999999,0.0
118,-122.05999999999986,-122.04999999999986,46.10999999999999,46.11999999999999,0.0
119,-122.04999999999986,-122.03999999999985,46.10999999999999,46.11999999999999,0.0
120,-122.34,-122.33,46.11999999999999,46.12999999999999,0.0
121,-122.33,-122.32,46.11999999999999,46.12999999999999,0.0
122,-122.32,-122.30999999999999,46.11999999999999,46.12999999999999,0.0
123,-122.30999999999999,-122.29999999999998,46.11999999999999,46.12999999999999,0.0
124,-122.29999999999998,-122.28999999999998,46.11999999999999,46.12999999999999,0.0
125,-122.28999999999998,-122.27999999999997,46.11999999999999,46.12999999999999,0.0
126,-122.27999999999997,-122.26999999999997,46.11999999999999,46.12999999999999,84.0
127,-122.26999999999997,-122.25999999999996,46.11999999999999,46.12999999999999,569.0
128,-122.25999999999996,-122.24999999999996,46.11999999999999,46.12999999999999,196.0
129,-122.24999999999996,-122.23999999999995,46.11999999999999,46.12999999999999,301.0
130,-122.23999999999995,-122.22999999999995,46.11999999999999,46.12999999999999,425.0
131,-122.22999999999995,-122.21999999999994,46.11999999999999,46.12999999999999,479.0
132,-122.21999999999994,-122.20999999999994,46.11999999999999,46.12999999999999,741.0
133,-122.20999999999994,-122.19999999999993,46.11999999999999,46.12999999999999,1077.0
134,-122.19999999999993,-122.18999999999993,46.11999999999999,46.12999999999999,1179.0
135,-122.18999999999993,-122.17999999999992,46.11999999999999,46.12999999999999,946.0
136,-122.17999999999992,-122.16999999999992,46.11999999999999,46.12999999999999,414.0
137,-122.16999999999992,-122.15999999999991,46.11999999999999,46.12999999999999,238.0
138,-122.15999999999991,-122.1499999999999,46.11999999999999,46.12999999999999,143.0
139,-122.1499999999999,-122.1399999999999,46.11999999999999,46.12999999999999,92.0
140,-122.1399999999999,-122.1299999999999,46.11999999999999,46.12999999999999,54.0
141,-122.1299999999999,-122.11999999999989,46.11999999999999,46.12999999999999,32.0
142,-122.11999999999989,-122.10999999999989,46.11999999999999,46.12999999999999,27.0
143,-122.10999999999989,-122.09999999999988,46.11999999999999,46.12999999999999,27.0
144,-122.09999999999988,-122.08999999999988,46.11999999999999,46.12999999999999,27.0
145,-122.08999999999988,-122.07999999999987,46.11999999999999,46.12999999999999,29.0
146,-122.07999999999987,-122.06999999999987,46.11999999999999,46.12999999999999,30.0
147,-122.06999999999987,-122.05999999999986,46.11999999999999,46.12999999999999,33.0
148,-122.05999999999986,-122.04999999999986,46.11999999999999,46.12999999999999,31.0
149,-122.04999999999986,-122.03999999999985,46.11999999999999,46.12999999999999,0.0
150,-122.34,-122.33,46.12999999999999,46.139999999999986,0.0
151,-122.33,-122.32,46.12999999999999,46.139999999999986,0.0
152,-122.32,-122.30999999999999,46.12999999999999,46.139999999999986,1.0
153,-122.30999999999999,-122.29999999999998,46.12999999999999,46.139999999999986,1.0
154,-122.29999999999998,-122.28999999999998,46.12999999999999,46.139999999999986,2.0
155,-122.28999999999998,-122.27999999999997,46.12999999999999,46.139999999999986,3.0
156,-122.27999999999997,-122.26999999999997,46.12999999999999,46.139999999999986,48.0
157,-122.26999999999997,-122.25999999999996,46.12999999999999,46.139999999999986,378.0
158,-122.25999999999996,-122.24999999999996,46.12999999999999,46.139999999999986,682.0
159,-122.24999999999996,-122.23999999999995,46.12999999999999,46.139999999999986,679.0
160,-122.23999999999995,-122.22999999999995,46.12999999999999,46.139999999999986,612.0
161,-122.22999999999995,-122.21999999999994,46.12999999999999,46.139999999999986,646.0
162,-122.21999999999994,-122.20999999999994,46.12999999999999,46.139999999999986,813.0
163,-122.20999999999994,-122.19999999999993,46.12999999999999,46.139999999999986,897.0
164,-122.19999999999993,-122.18999999999993,46.12999999999999,46.139999999999986,1792.0
165,-122.18999999999993,-122.17999999999992,46.12999999999999,46.139999999999986,1517.0
166,-122.17999999999992,-122.16999999999992,46.12999999999999,46.139999999999986,1201.0
167,-122.16999999999992,-122.15999999999991,46.12999999999999,46.139999999999986,896.0
168,-122.15999999999991,-122.1499999999999,46.12999999999999,46.139999999999986,484.0
169,-122.1499999999999,-122.1399999999999,46.12999999999999,46.139999999999986,324.0
170,-122.1399999999999,-122.1299999999999,46.12999999999999,46.139999999999986,255.0
171,-122.1299999999999,-122.11999999999989,46.12999999999999,46.139999999999986,168.0
172,-122.11999999999989,-122.10999999999989,46.12999999999999,46.139999999999986,107.0
173,-122.10999999999989,-122.09999999999988,46.12999999999999,46.139999999999986,84.0
174,-122.09999999999988,-122.08999999999988,46.12999999999999,46.139999999999986,84.0
175,-122.08999999999988,-122.07999999999987,46.12999999999999,46.139999999999986,76.0
176,-122.07999999999987,-122.06999999999987,46.12999999999999,46.139999999999986,120.0
177,-122.06999999999987,-122.05999999999986,46.12999999999999,46.139999999999986,195.0
178,-122.05999999999986,-122.04999999999986,46.12999999999999,46.139999999999986,75.0
179,-122.04999999999986,-122.03999999999985,46.12999999999999,46.139999999999986,0.0
180,-122.34,-122.33,46.139999999999986,46.149999999999984,0.0
181,-122.33,-122.32,46.139999999999986,46.149999999999984,125.0
182,-122.32,-122.30999999999999,46.139999999999986,46.149999999999984,268.0
183,-122.30999999999999,-122.29999999999998,46.139999999999986,46.149999999999984,134.0
184,-122.29999999999998,-122.28999999999998,46.139999999999986,46.149999999999984,234.0
185,-122.28999999999998,-122.27999999999997,46.139999999999986,46.149999999999984,213.0
186,-122.27999999999997,-122.26999999999997,46.139999999999986,46.149999999999984,348.0
187,-122.26999999999997,-122.25999999999996,46.139999999999986,46.149999999999984,416.0
188,-122.25999999999996,-122.24999999999996,46.139999999999986,46.149999999999984,485.0
189,-122.24999999999996,-122.23999999999995,46.139999999999986,46.149999999999984,753.0
190,-122.23999999999995,-122.22999999999995,46.139999999999986,46.149999999999984,906.0
191,-122.22999999999995,-122.21999999999994,46.139999999999986,46.149999999999984,935.0
192,-122.21999999999994,-122.20999999999994,46.139999999999986,46.149999999999984,942.0
193,-122.20999999999994,-122.19999999999993,46.139999999999986,46.149999999999984,1216.0
194,-122.19999999999993,-122.18999999999993,46.139999999999986,46.149999999999984,1764.0
195,-122.18999999999993,-122.17999999999992,46.139999999999986,46.149999999999984,1910.0
196,-122.17999999999992,-122.16999999999992,46.139999999999986,46.149999999999984,1662.0
197,-122.16999999999992,-122.15999999999991,46.139999999999986,46.149999999999984,1408.0
198,-122.15999999999991,-122.1499999999999,46.139999999999986,46.149999999999984,1065.0
199,-122.1499999999999,-122.1399999999999,46.139999999999986,46.149999999999984,799.0
200,-122.1399999999999,-122.1299999999999,46.139999999999986,46.149999999999984,619.0
201,-122.1299999999999,-122.11999999999989,46.139999999999986,46.149999999999984,441.0
202,-122.11999999999989,-122.10999999999989,46.139999999999986,46.149999999999984,354.0
203,-122.10999999999989,-122.09999999999988,46.139999999999986,46.149999999999984,289.0
204,-122.09999999999988,-122.08999999999988,46.139999999999986,46.149999999999984,266.0
205,-122.08999999999988,-122.07999999999987,46.139999999999986,46.149999999999984,200.0
206,-122.07999999999987,-122.06999999999987,46.139999999999986,46.149999999999984,206.0
207,-122.06999999999987,-122.05999999999986,46.139999999999986,46.149999999999984,121.0
208,-122.05999999999986,-122.04999999999986,46.139999999999986,46.149999999999984,16.0
209,-122.04999999999986,-122.03999999999985,46.139999999999986,46.149999999999984,0.0
210,-122.34,-122.33,46.149999999999984,46.15999999999998,0.0
211,-122.33,-122.32,46.149999999999984,46.15999999999998,16.0
212,-122.32,-122.30999999999999,46.149999999999984,46.15999999999998,139.0
213,-122.30999999999999,-122.29999999999998,46.149999999999984,46.15999999999998,251.0
214,-122.29999999999998,-122.28999999999998,46.149999999999984,46.15999999999998,286.0
215,-122.28999999999998,-122.27999999999997,46.149999999999984,46.15999999999998,226.0
216,-122.27999999999997,-122.26999999999997,46.149999999999984,46.15999999999998,576.0
217,-122.26999999999997,-122.25999999999996,46.149999999999984,46.15999999999998,744.0
218,-122.25999999999996,-122.24999999999996,46.149999999999984,46.15999999999998,564.0
219,-122.24999999999996,-122.23999999999995,46.149999999999984,46.15999999999998,746.0
220,-122.23999999999995,-122.22999999999995,46.149999999999984,46.15999999999998,1170.0
221,-122.22999999999995,-122.21999999999994,46.149999999999984,46.15999999999998,1221.0
222,-122.21999999999994,-122.20999999999994,46.149999999999984,46.15999999999998,1176.0
223,-122.20999999999994,-122.19999999999993,46.149999999999984,46.15999999999998,1169.0
224,-122.19999999999993,-122.18999999999993,46.149999999999984,46.15999999999998,1402.0
225,-122.18999999999993,-122.17999999999992,46.149999999999984,46.15999999999998,1779.0
226,-122.17999999999992,-122.16999999999992,46.149999999999984,46.15999999999998,2017.0
227,-122.16999999999992,-122.15999999999991,46.149999999999984,46.15999999999998,1768.0
228,-122.15999999999991,-122.1499999999999,46.149999999999984,46.15999999999998,1619.0
229,-122.1499999999999,-122.1399999999999,46.149999999999984,46.15999999999998,1393.0
230,-122.1399999999999,-122.1299999999999,46.149999999999984,46.15999999999998,1136.0
231,-122.1299999999999,-122.11999999999989,46.149999999999984,46.15999999999998,745.0
232,-122.11999999999989,-122.10999999999989,46.149999999999984,46.15999999999998,621.0
233,-122.10999999999989,-122.09999999999988,46.149999999999984,46.15999999999998,611.0
234,-122.09999999999988,-122.08999999999988,46.149999999999984,46.15999999999998,595.0
235,-122.08999999999988,-122.07999999999987,46.149999999999984,46.15999999999998,573.0
236,-122.07999999999987,-122.06999999999987,46.149999999999984,46.15999999999998,323.0
237,-122.06999999999987,-122.05999999999986,46.149999999999984,46.15999999999998,178.0
238,-122.05999999999986,-122.04999999999986,46.149999999999984,46.15999999999998,55.0
239,-122.04999999999986,-122.03999999999985,46.149999999999984,46.15999999999998,11.0
240,-122.34,-122.33,46.15999999999998,46.16999999999998,0.0
241,-122.33,-122.32,46.15999999999998,46.16999999999998,5.0
242,-122.32,-122.30999999999999,46.15999999999998,46.16999999999998,37.0
243,-122.30999999999999,-122.29999999999998,46.15999999999998,46.16999999999998,101.0
244,-122.29999999999998,-122.28999999999998,46.15999999999998,46.16999999999998,201.0
245,-122.28999999999998,-122.27999999999997,46.15999999999998,46.16999999999998,258.0
246,-122.27999999999997,-122.26999999999997,46.15999999999998,46.16999999999998,365.0
247,-122.26999999999997,-122.25999999999996,46.15999999999998,46.16999999999998,737.0
248,-122.25999999999996,-122.24999999999996,46.15999999999998,46.16999999999998,1575.0
249,-122.24999999999996,-122.23999999999995,46.15999999999998,46.16999999999998,1243.0
250,-122.23999999999995,-122.22999999999995,46.15999999999998,46.16999999999998,1026.0
251,-122.22999999999995,-122.21999999999994,46.15999999999998,46.16999999999998,1288.0
252,-122.21999999999994,-122.20999999999994,46.15999999999998,46.16999999999998,1304.0
253,-122.20999999999994,-122.19999999999993,46.15999999999998,46.16999999999998,1257.0
254,-122.19999999999993,-122.18999999999993,46.15999999999998,46.16999999999998,1274.0
255,-122.18999999999993,-122.17999999999992,46.15999999999998,46.16999999999998,1371.0
256,-122.17999999999992,-122.16999999999992,46.15999999999998,46.16999999999998,1836.0
257,-122.16999999999992,-122.15999999999991,46.15999999999998,46.16999999999998,1980.0
258,-122.15999999999991,-122.1499999999999,46.15999999999998,46.16999999999998,1911.0
259,-122.1499999999999,-122.1399999999999,46.15999999999998,46.16999999999998,1805.0
260,-122.1399999999999,-122.1299999999999,46.15999999999998,46.16999999999998,1442.0
261,-122.1299999999999,-122.11999999999989,46.15999999999998,46.16999999999998,1102.0
262,-122.11999999999989,-122.10999999999989,46.15999999999998,46.16999999999998,918.0
263,-122.10999999999989,-122.09999999999988,46.15999999999998,46.16999999999998,903.0
264,-122.09999999999988,-122.08999999999988,46.15999999999998,46.16999999999998,857.0
265,-122.08999999999988,-122.07999999999987,46.15999999999998,46.16999999999998,621.0
266,-122.07999999999987,-122.06999999999987,46.15999999999998,46.16999999999998,709.0
267,-122.06999999999987,-122.05999999999986,46.15999999999998,46.16999999999998,708.0
268,-122.05999999999986,-122.04999999999986,46.15999999999998,46.16999999999998,662.0
269,-122.04999999999986,-122.03999999999985,46.15999999999998,46.16999999999998,592.0
270,-122.34,-122.33,46.16999999999998,46.17999999999998,0.0
271,-122.33,-122.32,46.16999999999998,46.17999999999998,2.0
272,-122.32,-122.30999999999999,46.16999999999998,46.17999999999998,17.0
273,-122.30999999999999,-122.29999999999998,46.16999999999998,46.17999999999998,58.0
274,-122.29999999999998,-122.28999999999998,46.16999999999998,46.17999999999998,102.0
275,-122.28999999999998,-122.27999999999997,46.16999999999998,46.17999999999998,170.0
276,-122.27999999999997,-122.26999999999997,46.16999999999998,46.17999999999998,651.0
277,-122.26999999999997,-122.25999999999996,46.16999999999998,46.17999999999998,833.0
278,-122.25999999999996,-122.24999999999996,46.16999999999998,46.17999999999998,1297.0
279,-122.24999999999996,-122.23999999999995,46.16999999999998,46.17999999999998,1478.0
280,-122.23999999999995,-122.22999999999995,46.16999999999998,46.17999999999998,1580.0
281,-122.22999999999995,-122.21999999999994,46.16999999999998,46.17999999999998,1331.0
282,-122.21999999999994,-122.20999999999994,46.16999999999998,46.17999999999998,1421.0
283,-122.20999999999994,-122.19999999999993,46.16999999999998,46.17999999999998,1447.0
284,-122.19999999999993,-122.18999999999993,46.16999999999998,46.17999999999998,1216.0
285,-122.18999999999993,-122.17999999999992,46.16999999999998,46.17999999999998,1167.0
286,-122.17999999999992,-122.16999999999992,46.16999999999998,46.17999999999998,1461.0
287,-122.16999999999992,-122.15999999999991,46.16999999999998,46.17999999999998,1898.0
288,-122.15999999999991,-122.1499999999999,46.16999999999998,46.17999999999998,2091.0
289,-122.1499999999999,-122.1399999999999,46.16999999999998,46.17999999999998,1912.0
290,-122.1399999999999,-122.1299999999999,46.16999999999998,46.17999999999998,1597.0
291,-122.1299999999999,-122.11999999999989,46.16999999999998,46.17999999999998,1426.0
292,-122.11999999999989,-122.10999999999989,46.16999999999998,46.17999999999998,1140.0
293,-122.10999999999989,-122.09999999999988,46.16999999999998,46.17999999999998,972.0
294,-122.09999999999988,-122.08999999999988,46.16999999999998,46.17999999999998,759.0
295,-122.08999999999988,-122.07999999999987,46.16999999999998,46.17999999999998,588.0
296,-122.07999999999987,-122.06999999999987,46.16999999999998,46.17999999999998,494.0
297,-122.06999999999987,-122.05999999999986,46.16999999999998,46.17999999999998,469.0
298,-122.05999999999986,-122.04999999999986,46.16999999999998,46.17999999999998,536.0
299,-122.04999999999986,-122.03999999999985,46.16999999999998,46.17999999999998,368.0
300,-122.34,-122.33,46.17999999999998,46.189999999999976,0.0
301,-122.33,-122.32,46.17999999999998,46.189999999999976,1.0
302,-122.32,-122.30999999999999,46.17999999999998,46.189999999999976,7.0
303,-122.30999999999999,-122.29999999999998,46.17999999999998,46.189999999999976,39.0
304,-122.29999999999998,-122.28999999999998,46.17999999999998,46.189999999999976,86.0
305,-122.28999999999998,-122.27999999999997,46.17999999999998,46.189999999999976,333.0
306,-122.27999999999997,-122.26999999999997,46.17999999999998,46.189999999999976,889.0
307,-122.26999999999997,-122.25999999999996,46.17999999999998,46.189999999999976,989.0
308,-122.25999999999996,-122.24999999999996,46.17999999999998,46.189999999999976,1249.0
309,-122.24999999999996,-122.23999999999995,46.17999999999998,46.189999999999976,1191.0
310,-122.23999999999995,-122.22999999999995,46.17999999999998,46.189999999999976,1343.0
311,-122.22999999999995,-122.21999999999994,46.17999999999998,46.189999999999976,1449.0
312,-122.21999999999994,-122.20999999999994,46.17999999999998,46.189999999999976,1234.0
313,-122.20999999999994,-122.19999999999993,46.17999999999998,46.189999999999976,1237.0
314,-122.19999999999993,-122.18999999999993,46.17999999999998,46.189999999999976,1292.0
315,-122.18999999999993,-122.17999999999992,46.17999999999998,46.189999999999976,1120.0
316,-122.17999999999992,-122.16999999999992,46.17999999999998,46.189999999999976,1200.0
317,-122.16999999999992,-122.15999999999991,46.17999999999998,46.189999999999976,1547.0
318,-122.15999999999991,-122.1499999999999,46.17999999999998,46.189999999999976,1917.0
319,-122.1499999999999,-122.1399999999999,46.17999999999998,46.189999999999976,1783.0
320,-122.1399999999999,-122.1299999999999,46.17999999999998,46.189999999999976,1732.0
321,-122.1299999999999,-122.11999999999989,46.17999999999998,46.189999999999976,1785.0
322,-122.11999999999989,-122.10999999999989,46.17999999999998,46.189999999999976,1494.0
323,-122.10999999999989,-122.09999999999988,46.17999999999998,46.189999999999976,1022.0
324,-122.09999999999988,-122.08999999999988,46.17999999999998,46.189999999999976,827.0
325,-122.08999999999988,-122.07999999999987,46.17999999999998,46.189999999999976,837.0
326,-122.07999999999987,-122.06999999999987,46.17999999999998,46.189999999999976,964.0
327,-122.06999999999987,-122.05999999999986,46.17999999999998,46.189999999999976,929.0
328,-122.05999999999986,-122.04999999999986,46.17999999999998,46.189999999999976,148.0
329,-122.04999999999986,-122.03999999999985,46.17999999999998,46.189999999999976,12.0
330,-122.34,-122.33,46.189999999999976,46.199999999999974,0.0
331,-122.33,-122.32,46.189999999999976,46.199999999999974,1.0
332,-122.32,-122.30999999999999,46.189999999999976,46.199999999999974,2.0
333,-122.30999999999999,-122.29999999999998,46.189999999999976,46.199999999999974,25.0
334,-122.29999999999998,-122.28999999999998,46.189999999999976,46.199999999999974,84.0
335,-122.28999999999998,-122.27999999999997,46.189999999999976,46.199999999999974,171.0
336,-122.27999999999997,-122.26999999999997,46.189999999999976,46.199999999999974,733.0
337,-122.26999999999997,-122.25999999999996,46.189999999999976,46.199999999999974,1150.0
338,-122.25999999999996,-122.24999999999996,46.189999999999976,46.199999999999974,1441.0
339,-122.24999999999996,-122.23999999999995,46.189999999999976,46.199999999999974,1335.0
340,-122.23999999999995,-122.22999999999995,46.189999999999976,46.199999999999974,1218.0
341,-122.22999999999995,-122.21999999999994,46.189999999999976,46.199999999999974,1264.0
342,-122.21999999999994,-122.20999999999994,46.189999999999976,46.199999999999974,1376.0
343,-122.20999999999994,-122.19999999999993,46.189999999999976,46.199999999999974,1289.0
344,-122.19999999999993,-122.18999999999993,46.189999999999976,46.199999999999974,1156.0
345,-122.18999999999993,-122.17999999999992,46.189999999999976,46.199999999999974,1241.0
346,-122.17999999999992,-122.16999999999992,46.189999999999976,46.199999999999974,1281.0
347,-122.16999999999992,-122.15999999999991,46.189999999999976,46.199999999999974,1425.0
348,-122.15999999999991,-122.1499999999999,46.189999999999976,46.199999999999974,1668.0
349,-122.1499999999999,-122.1399999999999,46.189999999999976,46.199999999999974,1721.0
350,-122.1399999999999,-122.1299999999999,46.189999999999976,46.199999999999974,1737.0
351,-122.1299999999999,-122.11999999999989,46.189999999999976,46.199999999999974,1668.0
352,-122.11999999999989,-122.10999999999989,46.189999999999976,46.199999999999974,1582.0
353,-122.10999999999989,-122.09999999999988,46.189999999999976,46.199999999999974,1315.0
354,-122.09999999999988,-122.08999999999988,46.189999999999976,46.199999999999974,1024.0
355,-122.08999999999988,-122.07999999999987,46.189999999999976,46.199999999999974,940.0
356,-122.07999999999987,-122.06999999999987,46.189999999999976,46.199999999999974,756.0
357,-122.06999999999987,-122.05999999999986,46.189999999999976,46.199999999999974,218.0
358,-122.05999999999986,-122.04999999999986,46.189999999999976,46.199999999999974,24.0
359,-122.04999999999986,-122.03999999999985,46.189999999999976,46.199999999999974,5.0
360,-122.34,-122.33,46.199999999999974,46.20999999999997,0.0
361,-122.33,-122.32,46.199999999999974,46.20999999999997,1.0
362,-122.32,-122.30999999999999,46.199999999999974,46.20999999999997,1.0
363,-122.30999999999999,-122.29999999999998,46.199999999999974,46.20999999999997,24.0
364,-122.29999999999998,-122.28999999999998,46.199999999999974,46.20999999999997,90.0
365,-122.28999999999998,-122.27999999999997,46.199999999999974,46.20999999999997,210.0
366,-122.27999999999997,-122.26999999999997,46.199999999999974,46.20999999999997,530.0
367,-122.26999999999997,-122.25999999999996,46.199999999999974,46.20999999999997,889.0
368,-122.25999999999996,-122.24999999999996,46.199999999999974,46.20999999999997,1067.0
369,-122.24999999999996,-122.23999999999995,46.199999999999974,46.20999999999997,1180.0
370,-122.23999999999995,-122.22999999999995,46.199999999999974,46.20999999999997,1360.0
371,-122.22999999999995,-122.21999999999994,46.199999999999974,46.20999999999997,1371.0
372,-122.21999999999994,-122.20999999999994,46.199999999999974,46.20999999999997,1257.0
373,-122.20999999999994,-122.19999999999993,46.199999999999974,46.20999999999997,1351.0
374,-122.19999999999993,-122.18999999999993,46.199999999999974,46.20999999999997,1312.0
375,-122.18999999999993,-122.17999999999992,46.199999999999974,46.20999999999997,1354.0
376,-122.17999999999992,-122.16999999999992,46.199999999999974,46.20999999999997,1376.0
377,-122.16999999999992,-122.15999999999991,46.199999999999974,46.20999999999997,1320.0
378,-122.15999999999991,-122.1499999999999,46.199999999999974,46.20999999999997,1469.0
379,-122.1499999999999,-122.1399999999999,46.199999999999974,46.20999999999997,1687.0
380,-122.1399999999999,-122.1299999999999,46.199999999999974,46.20999999999997,1703.0
381,-122.1299999999999,-122.11999999999989,46.199999999999974,46.20999999999997,1541.0
382,-122.11999999999989,-122.10999999999989,46.199999999999974,46.20999999999997,1422.0
383,-122.10999999999989,-122.09999999999988,46.199999999999974,46.20999999999997,1666.0
384,-122.09999999999988,-122.08999999999988,46.199999999999974,46.20999999999997,1631.0
385,-122.08999999999988,-122.07999999999987,46.199999999999974,46.20999999999997,1056.0
386,-122.07999999999987,-122.06999999999987,46.199999999999974,46.20999999999997,425.0
387,-122.06999999999987,-122.05999999999986,46.199999999999974,46.20999999999997,241.0
388,-122.05999999999986,-122.04999999999986,46.199999999999974,46.20999999999997,73.0
389,-122.04999999999986,-122.03999999999985,46.199999999999974,46.20999999999997,0.0
390,-122.34,-122.33,46.20999999999997,46.21999999999997,0.0
391,-122.33,-122.32,46.20999999999997,46.21999999999997,1.0
392,-122.32,-122.30999999999999,46.20999999999997,46.21999999999997,3.0
393,-122.30999999999999,-122.29999999999998,46.20999999999997,46.21999999999997,31.0
394,-122.29999999999998,-122.28999999999998,46.20999999999997,46.21999999999997,142.0
395,-122.28999999999998,-122.27999999999997,46.20999999999997,46.21999999999997,337.0
396,-122.27999999999997,-122.26999999999997,46.20999999999997,46.21999999999997,693.0
397,-122.26999999999997,-122.25999999999996,46.20999999999997,46.21999999999997,790.0
398,-122.25999999999996,-122.24999999999996,46.20999999999997,46.21999999999997,801.0
399,-122.24999999999996,-122.23999999999995,46.20999999999997,46.21999999999997,955.0
400,-122.23999999999995,-122.22999999999995,46.20999999999997,46.21999999999997,1114.0
401,-122.22999999999995,-122.21999999999994,46.20999999999997,46.21999999999997,1244.0
402,-122.21999999999994,-122.20999999999994,46.20999999999997,46.21999999999997,1290.0
403,-122.20999999999994,-122.19999999999993,46.20999999999997,46.21999999999997,1234.0
404,-122.19999999999993,-122.18999999999993,46.20999999999997,46.21999999999997,1336.0
405,-122.18999999999993,-122.17999999999992,46.20999999999997,46.21999999999997,1540.0
406,-122.17999999999992,-122.16999999999992,46.20999999999997,46.21999999999997,1587.0
407,-122.16999999999992,-122.15999999999991,46.20999999999997,46.21999999999997,1460.0
408,-122.15999999999991,-122.1499999999999,46.20999999999997,46.21999999999997,1398.0
409,-122.1499999999999,-122.1399999999999,46.20999999999997,46.21999999999997,1504.0
410,-122.1399999999999,-122.1299999999999,46.20999999999997,46.21999999999997,1549.0
411,-122.1299999999999,-122.11999999999989,46.20999999999997,46.21999999999997,1615.0
412,-122.11999999999989,-122.10999999999989,46.20999999999997,46.21999999999997,1511.0
413,-122.10999999999989,-122.09999999999988,46.20999999999997,46.21999999999997,1313.0
414,-122.09999999999988,-122.08999999999988,46.20999999999997,46.21999999999997,1393.0
415,-122.08999999999988,-122.07999999999987,46.20999999999997,46.21999999999997,1239.0
416,-122.07999999999987,-122.06999999999987,46.20999999999997,46.21999999999997,705.0
417,-122.06999999999987,-122.05999999999986,46.20999999999997,46.21999999999997,472.0
418,-122.05999999999986,-122.04999999999986,46.20999999999997,46.21999999999997,377.0
419,-122.04999999999986,-122.03999999999985,46.20999999999997,46.21999999999997,0.0
420,-122.34,-122.33,46.21999999999997,46.22999999999997,0.0
421,-122.33,-122.32,46.21999999999997,46.22999999999997,1.0
422,-122.32,-122.30999999999999,46.21999999999997,46.22999999999997,21.0
423,-122.30999999999999,-122.29999999999998,46.21999999999997,46.22999999999997,105.0
424,-122.29999999999998,-122.28999999999998,46.21999999999997,46.22999999999997,275.0
425,-122.28999999999998,-122.27999999999997,46.21999999999997,46.22999999999997,531.0
426,-122.27999999999997,-122.26999999999997,46.21999999999997,46.22999999999997,871.0
427,-122.26999999999997,-122.25999999999996,46.21999999999997,46.22999999999997,835.0
428,-122.25999999999996,-122.24999999999996,46.21999999999997,46.22999999999997,1024.0
429,-122.24999999999996,-122.23999999999995,46.21999999999997,46.22999999999997,1092.0
430,-122.23999999999995,-122.22999999999995,46.21999999999997,46.22999999999997,1109.0
431,-122.22999999999995,-122.21999999999994,46.21999999999997,46.22999999999997,1087.0
432,-122.21999999999994,-122.20999999999994,46.21999999999997,46.22999999999997,1034.0
433,-122.20999999999994,-122.19999999999993,46.21999999999997,46.22999999999997,1105.0
434,-122.19999999999993,-122.18999999999993,46.21999999999997,46.22999999999997,1262.0
435,-122.18999999999993,-122.17999999999992,46.21999999999997,46.22999999999997,1448.0
436,-122.17999999999992,-122.16999999999992,46.21999999999997,46.22999999999997,1544.0
437,-122.16999999999992,-122.15999999999991,46.21999999999997,46.22999999999997,1541.0
438,-122.15999999999991,-122.1499999999999,46.21999999999997,46.22999999999997,1414.0
439,-122.1499999999999,-122.1399999999999,46.21999999999997,46.22999999999997,1381.0
440,-122.1399999999999,-122.1299999999999,46.21999999999997,46.22999999999997,1543.0
441,-122.1299999999999,-122.11999999999989,46.21999999999997,46.22999999999997,1624.0
442,-122.11999999999989,-122.10999999999989,46.21999999999997,46.22999999999997,1559.0
443,-122.10999999999989,-122.09999999999988,46.21999999999997,46.22999999999997,1325.0
444,-122.09999999999988,-122.08999999999988,46.21999999999997,46.22999999999997,1100.0
445,-122.08999999999988,-122.07999999999987,46.21999999999997,46.22999999999997,1172.0
446,-122.07999999999987,-122.06999999999987,46.21999999999997,46.22999999999997,1406.0
447,-122.06999999999987,-122.05999999999986,46.21999999999997,46.22999999999997,851.0
448,-122.05999999999986,-122.04999999999986,46.21999999999997,46.22999999999997,2.0
449,-122.04999999999986,-122.03999999999985,46.21999999999997,46.22999999999997,0.0
450,-122.34,-122.33,46.22999999999997,46.23999999999997,0.0
451,-122.33,-122.32,46.22999999999997,46.23999999999997,13.0
452,-122.32,-122.30999999999999,46.22999999999997,46.23999999999997,118.0
453,-122.30999999999999,-122.29999999999998,46.22999999999997,46.23999999999997,289.0
454,-122.29999999999998,-122.28999999999998,46.22999999999997,46.23999999999997,469.0
455,-122.28999999999998,-122.27999999999997,46.22999999999997,46.23999999999997,1039.0
456,-122.27999999999997,-122.26999999999997,46.22999999999997,46.23999999999997,1010.0
457,-122.26999999999997,-122.25999999999996,46.22999999999997,46.23999999999997,1026.0
458,-122.25999999999996,-122.24999999999996,46.22999999999997,46.23999999999997,1154.0
459,-122.24999999999996,-122.23999999999995,46.22999999999997,46.23999999999997,1204.0
460,-122.23999999999995,-122.22999999999995,46.22999999999997,46.23999999999997,1162.0
461,-122.22999999999995,-122.21999999999994,46.22999999999997,46.23999999999997,1124.0
462,-122.21999999999994,-122.20999999999994,46.22999999999997,46.23999999999997,1118.0
463,-122.20999999999994,-122.19999999999993,46.22999999999997,46.23999999999997,1113.0
464,-122.19999999999993,-122.18999999999993,46.22999999999997,46.23999999999997,1150.0
465,-122.18999999999993,-122.17999999999992,46.22999999999997,46.23999999999997,1282.0
466,-122.17999999999992,-122.16999999999992,46.22999999999997,46.23999999999997,1380.0
467,-122.16999999999992,-122.15999999999991,46.22999999999997,46.23999999999997,1482.0
468,-122.15999999999991,-122.1499999999999,46.22999999999997,46.23999999999997,1618.0
469,-122.1499999999999,-122.1399999999999,46.22999999999997,46.23999999999997,1606.0
470,-122.1399999999999,-122.1299999999999,46.22999999999997,46.23999999999997,1484.0
471,-122.1299999999999,-122.11999999999989,46.22999999999997,46.23999999999997,1594.0
472,-122.11999999999989,-122.10999999999989,46.22999999999997,46.23999999999997,1673.0
473,-122.10999999999989,-122.09999999999988,46.22999999999997,46.23999999999997,1751.0
474,-122.09999999999988,-122.08999999999988,46.22999999999997,46.23999999999997,1299.0
475,-122.08999999999988,-122.07999999999987,46.22999999999997,46.23999999999997,814.0
476,-122.07999999999987,-122.06999999999987,46.22999999999997,46.23999999999997,1170.0
477,-122.06999999999987,-122.05999999999986,46.22999999999997,46.23999999999997,1655.0
478,-122.05999999999986,-122.04999999999986,46.22999999999997,46.23999999999997,370.0
479,-122.04999999999986,-122.03999999999985,46.22999999999997,46.23999999999997,0.0
480,-122.34,-122.33,46.23999999999997,46.249999999999964,0.0
481,-122.33,-122.32,46.23999999999997,46.249999999999964,194.0
482,-122.32,-122.30999999999999,46.23999999999997,46.249999999999964,526.0
483,-122.30999999999999,-122.29999999999998,46.23999999999997,46.249999999999964,643.0
484,-122.29999999999998,-122.28999999999998,46.23999999999997,46.249999999999964,803.0
485,-122.28999999999998,-122.27999999999997,46.23999999999997,46.249999999999964,671.0
486,-122.27999999999997,-122.26999999999997,46.23999999999997,46.249999999999964,772.0
487,-122.26999999999997,-122.25999999999996,46.23999999999997,46.249999999999964,915.0
488,-122.25999999999996,-122.24999999999996,46.23999999999997,46.249999999999964,1050.0
489,-122.24999999999996,-122.23999999999995,46.23999999999997,46.249999999999964,1115.0
490,-122.23999999999995,-122.22999999999995,46.23999999999997,46.249999999999964,1159.0
491,-122.22999999999995,-122.21999999999994,46.23999999999997,46.249999999999964,1123.0
492,-122.21999999999994,-122.20999999999994,46.23999999999997,46.249999999999964,1213.0
493,-122.20999999999994,-122.19999999999993,46.23999999999997,46.249999999999964,1298.0
494,-122.19999999999993,-122.18999999999993,46.23999999999997,46.249999999999964,1216.0
495,-122.18999999999993,-122.17999999999992,46.23999999999997,46.249999999999964,1116.0
496,-122.17999999999992,-122.16999999999992,46.23999999999997,46.249999999999964,1118.0
497,-122.16999999999992,-122.15999999999991,46.23999999999997,46.249999999999964,1116.0
498,-122.15999999999991,-122.1499999999999,46.23999999999997,46.249999999999964,1287.0
499,-122.1499999999999,-122.1399999999999,46.23999999999997,46.249999999999964,1596.0
500,-122.1399999999999,-122.1299999999999,46.23999999999997,46.249999999999964,1741.0
501,-122.1299999999999,-122.11999999999989,46.23999999999997,46.249999999999964,1796.0
502,-122.11999999999989,-122.10999999999989,46.23999999999997,46.249999999999964,1759.0
503,-122.10999999999989,-122.09999999999988,46.23999999999997,46.249999999999964,1777.0
504,-122.09999999999988,-122.08999999999988,46.23999999999997,46.249999999999964,1243.0
505,-122.08999999999988,-122.07999999999987,46.23999999999997,46.249999999999964,1149.0
506,-122.07999999999987,-122.06999999999987,46.23999999999997,46.249999999999964,760.0
507,-122.06999999999987,-122.05999999999986,46.23999999999997,46.249999999999964,220.0
508,-122.05999999999986,-122.04999999999986,46.23999999999997,46.249999999999964,0.0
509,-122.04999999999986,-122.03999999999985,46.23999999999997,46.249999999999964,0.0
510,-122.34,-122.33,46.249999999999964,46.25999999999996,0.0
511,-122.33,-122.32,46.249999999999964,46.25999999999996,0.0
512,-122.32,-122.30999999999999,46.249999999999964,46.25999999999996,8.0
513,-122.30999999999999,-122.29999999999998,46.249999999999964,46.25999999999996,28.0
514,-122.29999999999998,-122.28999999999998,46.249999999999964,46.25999999999996,50.0
515,-122.28999999999998,-122.27999999999997,46.249999999999964,46.25999999999996,134.0
516,-122.27999999999997,-122.26999999999997,46.249999999999964,46.25999999999996,334.0
517,-122.26999999999997,-122.25999999999996,46.249999999999964,46.25999999999996,573.0
518,-122.25999999999996,-122.24999999999996,46.249999999999964,46.25999999999996,673.0
519,-122.24999999999996,-122.23999999999995,46.249999999999964,46.25999999999996,706.0
520,-122.23999999999995,-122.22999999999995,46.249999999999964,46.25999999999996,831.0
521,-122.22999999999995,-122.21999999999994,46.249999999999964,46.25999999999996,869.0
522,-122.21999999999994,-122.20999999999994,46.249999999999964,46.25999999999996,878.0
523,-122.20999999999994,-122.19999999999993,46.249999999999964,46.25999999999996,980.0
524,-122.19999999999993,-122.18999999999993,46.249999999999964,46.25999999999996,1034.0
525,-122.18999999999993,-122.17999999999992,46.249999999999964,46.25999999999996,1013.0
526,-122.17999999999992,-122.16999999999992,46.249999999999964,46.25999999999996,1102.0
527,-122.16999999999992,-122.15999999999991,46.249999999999964,46.25999999999996,1059.0
528,-122.15999999999991,-122.1499999999999,46.249999999999964,46.25999999999996,1184.0
529,-122.1499999999999,-122.1399999999999,46.249999999999964,46.25999999999996,1389.0
530,-122.1399999999999,-122.1299999999999,46.249999999999964,46.25999999999996,1776.0
531,-122.1299999999999,-122.11999999999989,46.249999999999964,46.25999999999996,2125.0
532,-122.11999999999989,-122.10999999999989,46.249999999999964,46.25999999999996,2160.0
533,-122.10999999999989,-122.09999999999988,46.249999999999964,46.25999999999996,1600.0
534,-122.09999999999988,-122.08999999999988,46.249999999999964,46.25999999999996,1035.0
535,-122.08999999999988,-122.07999999999987,46.249999999999964,46.25999999999996,974.0
536,-122.07999999999987,-122.06999999999987,46.249999999999964,46.25999999999996,405.0
537,-122.06999999999987,-122.05999999999986,46.249999999999964,46.25999999999996,0.0
538,-122.05999999999986,-122.04999999999986,46.249999999999964,46.25999999999996,0.0
539,-122.04999999999986,-122.03999999999985,46.249999999999964,46.25999999999996,0.0
540,-122.34,-122.33,46.25999999999996,46.26999999999996,0.0
541,-122.33,-122.32,46.25999999999996,46.26999999999996,0.0
542,-122.32,-122.30999999999999,46.25999999999996,46.26999999999996,0.0
543,-122.30999999999999,-122.29999999999998,46.25999999999996,46.26999999999996,1.0
544,-122.29999999999998,-122.28999999999998,46.25999999999996,46.26999999999996,10.0
545,-122.28999999999998,-122.27999999999997,46.25999999999996,46.26999999999996,77.0
546,-122.27999999999997,-122.26999999999997,46.25999999999996,46.26999999999996,302.0
547,-122.26999999999997,-122.25999999999996,46.25999999999996,46.26999999999996,592.0
548,-122.25999999999996,-122.24999999999996,46.25999999999996,46.26999999999996,697.0
549,-122.24999999999996,-122.23999999999995,46.25999999999996,46.26999999999996,768.0
550,-122.23999999999995,-122.22999999999995,46.25999999999996,46.26999999999996,835.0
551,-122.22999999999995,-122.21999999999994,46.25999999999996,46.26999999999996,981.0
552,-122.21999999999994,-122.20999999999994,46.25999999999996,46.26999999999996,931.0
553,-122.20999999999994,-122.19999999999993,46.25999999999996,46.26999999999996,1059.0
554,-122.19999999999993,-122.18999999999993,46.25999999999996,46.26999999999996,1230.0
555,-122.18999999999993,-122.17999999999992,46.25999999999996,46.26999999999996,1485.0
556,-122.17999999999992,-122.16999999999992,46.25999999999996,46.26999999999996,1360.0
557,-122.16999999999992,-122.15999999999991,46.25999999999996,46.26999999999996,1055.0
558,-122.15999999999991,-122.1499999999999,46.25999999999996,46.26999999999996,941.0
559,-122.1499999999999,-122.1399999999999,46.25999999999996,46.26999999999996,859.0
560,-122.1399999999999,-122.1299999999999,46.25999999999996,46.26999999999996,879.0
561,-122.1299999999999,-122.11999999999989,46.25999999999996,46.26999999999996,1080.0
562,-122.11999999999989,-122.10999999999989,46.25999999999996,46.26999999999996,1399.0
563,-122.10999999999989,-122.09999999999988,46.25999999999996,46.26999999999996,988.0
564,-122.09999999999988,-122.08999999999988,46.25999999999996,46.26999999999996,940.0
565,-122.08999999999988,-122.07999999999987,46.25999999999996,46.26999999999996,931.0
566,-122.07999999999987,-122.06999999999987,46.25999999999996,46.26999999999996,300.0
567,-122.06999999999987,-122.05999999999986,46.25999999999996,46.26999999999996,0.0
568,-122.05999999999986,-122.04999999999986,46.25999999999996,46.26999999999996,0.0
569,-122.04999999999986,-122.03999999999985,46.25999999999996,46.26999999999996,0.0
570,-122.34,-122.33,46.26999999999996,46.27999999999996,0.0
571,-122.33,-122.32,46.26999999999996,46.27999999999996,0.0
572,-122.32,-122.30999999999999,46.26999999999996,46.27999999999996,0.0
573,-122.30999999999999,-122.29999999999998,46.26999999999996,46.27999999999996,1.0
574,-122.29999999999998,-122.28999999999998,46.26999999999996,46.27999999999996,17.0
575,-122.28999999999998,-122.27999999999997,46.26999999999996,46.27999999999996,84.0
576,-122.27999999999997,-122.26999999999997,46.26999999999996,46.27999999999996,477.0
577,-122.26999999999997,-122.25999999999996,46.26999999999996,46.27999999999996,1068.0
578,-122.25999999999996,-122.24999999999996,46.26999999999996,46.27999999999996,1187.0
579,-122.24999999999996,-122.23999999999995,46.26999999999996,46.27999999999996,1311.0
580,-122.23999999999995,-122.22999999999995,46.26999999999996,46.27999999999996,1386.0
581,-122.22999999999995,-122.21999999999994,46.26999999999996,46.27999999999996,1482.0
582,-122.21999999999994,-122.20999999999994,46.26999999999996,46.27999999999996,1365.0
583,-122.20999999999994,-122.19999999999993,46.26999999999996,46.27999999999996,1275.0
584,-122.19999999999993,-122.18999999999993,46.26999999999996,46.27999999999996,1005.0
585,-122.18999999999993,-122.17999999999992,46.26999999999996,46.27999999999996,1100.0
586,-122.17999999999992,-122.16999999999992,46.26999999999996,46.27999999999996,877.0
587,-122.16999999999992,-122.15999999999991,46.26999999999996,46.27999999999996,498.0
588,-122.15999999999991,-122.1499999999999,46.26999999999996,46.27999999999996,390.0
589,-122.1499999999999,-122.1399999999999,46.26999999999996,46.27999999999996,361.0
590,-122.1399999999999,-122.1299999999999,46.26999999999996,46.27999999999996,385.0
591,-122.1299999999999,-122.11999999999989,46.26999999999996,46.27999999999996,493.0
592,-122.11999999999989,-122.10999999999989,46.26999999999996,46.27999999999996,804.0
593,-122.10999999999989,-122.09999999999988,46.26999999999996,46.27999999999996,1104.0
594,-122.09999999999988,-122.08999999999988,46.26999999999996,46.27999999999996,953.0
595,-122.08999999999988,-122.07999999999987,46.26999999999996,46.27999999999996,1127.0
596,-122.07999999999987,-122.06999999999987,46.26999999999996,46.27999999999996,12.0
597,-122.06999999999987,-122.05999999999986,46.26999999999996,46.27999999999996,0.0
598,-122.05999999999986,-122.04999999999986,46.26999999999996,46.27999999999996,0.0
599,-122.04999999999986,-122.03999999999985,46.26999999999996,46.27999999999996,0.0
600,-122.34,-122.33,46.27999999999996,46.28999999999996,0.0
601,-122.33,-122.32,46.27999999999996,46.28999999999996,0.0
602,-122.32,-122.30999999999999,46.27999999999996,46.28999999999996,0.0
603,-122.30999999999999,-122.29999999999998,46.27999999999996,46.28999999999996,0.0
604,-122.29999999999998,-122.28999999999998,46.27999999999996,46.28999999999996,30.0
605,-122.28999999999998,-122.27999999999997,46.27999999999996,46.28999999999996,97.0
606,-122.27999999999997,-122.26999999999997,46.27999999999996,46.28999999999996,953.0
607,-122.26999999999997,-122.25999999999996,46.27999999999996,46.28999999999996,1216.0
608,-122.25999999999996,-122.24999999999996,46.27999999999996,46.28999999999996,1055.0
609,-122.24999999999996,-122.23999999999995,46.27999999999996,46.28999999999996,946.0
610,-122.23999999999995,-122.22999999999995,46.27999999999996,46.28999999999996,892.0
611,-122.22999999999995,-122.21999999999994,46.27999999999996,46.28999999999996,807.0
612,-122.21999999999994,-122.20999999999994,46.27999999999996,46.28999999999996,803.0
613,-122.20999999999994,-122.19999999999993,46.27999999999996,46.28999999999996,645.0
614,-122.19999999999993,-122.18999999999993,46.27999999999996,46.28999999999996,448.0
615,-122.18999999999993,-122.17999999999992,46.27999999999996,46.28999999999996,309.0
616,-122.17999999999992,-122.16999999999992,46.27999999999996,46.28999999999996,323.0
617,-122.16999999999992,-122.15999999999991,46.27999999999996,46.28999999999996,229.0
618,-122.15999999999991,-122.1499999999999,46.27999999999996,46.28999999999996,218.0
619,-122.1499999999999,-122.1399999999999,46.27999999999996,46.28999999999996,213.0
620,-122.1399999999999,-122.1299999999999,46.27999999999996,46.28999999999996,209.0
621,-122.1299999999999,-122.11999999999989,46.27999999999996,46.28999999999996,220.0
622,-122.11999999999989,-122.10999999999989,46.27999999999996,46.28999999999996,262.0
623,-122.10999999999989,-122.09999999999988,46.27999999999996,46.28999999999996,597.0
624,-122.09999999999988,-122.08999999999988,46.27999999999996,46.28999999999996,913.0
625,-122.08999999999988,-122.07999999999987,46.27999999999996,46.28999999999996,563.0
626,-122.07999999999987,-122.06999999999987,46.27999999999996,46.28999999999996,0.0
627,-122.06999999999987,-122.05999999999986,46.27999999999996,46.28999999999996,0.0
628,-122.05999999999986,-122.04999999999986,46.27999999999996,46.28999999999996,0.0
629,-122.04999999999986,-122.03999999999985,46.27999999999996,46.28999999999996,0.0
630,-122.34,-122.33,46.28999999999996,46.299999999999955,0.0
631,-122.33,-122.32,46.28999999999996,46.299999999999955,0.0
632,-122.32,-122.30999999999999,46.28999999999996,46.299999999999955,0.0
633,-122.30999999999999,-122.29999999999998,46.28999999999996,46.299999999999955,0.0
634,-122.29999999999998,-122.28999999999998,46.28999999999996,46.299999999999955,80.0
635,-122.28999999999998,-122.27999999999997,46.28999999999996,46.299999999999955,145.0
636,-122.27999999999997,-122.26999999999997,46.28999999999996,46.299999999999955,442.0
637,-122.26999999999997,-122.25999999999996,46.28999999999996,46.299999999999955,633.0
638,-122.25999999999996,-122.24999999999996,46.28999999999996,46.299999999999955,529.0
639,-122.24999999999996,-122.23999999999995,46.28999999999996,46.299999999999955,307.0
640,-122.23999999999995,-122.22999999999995,46.28999999999996,46.299999999999955,356.0
641,-122.22999999999995,-122.21999999999994,46.28999999999996,46.299999999999955,362.0
642,-122.21999999999994,-122.20999999999994,46.28999999999996,46.299999999999955,189.0
643,-122.20999999999994,-122.19999999999993,46.28999999999996,46.299999999999955,114.0
644,-122.19999999999993,-122.18999999999993,46.28999999999996,46.299999999999955,85.0
645,-122.18999999999993,-122.17999999999992,46.28999999999996,46.299999999999955,64.0
646,-122.17999999999992,-122.16999999999992,46.28999999999996,46.299999999999955,52.0
647,-122.16999999999992,-122.15999999999991,46.28999999999996,46.299999999999955,44.0
648,-122.15999999999991,-122.1499999999999,46.28999999999996,46.299999999999955,31.0
649,-122.1499999999999,-122.1399999999999,46.28999999999996,46.299999999999955,19.0
650,-122.1399999999999,-122.1299999999999,46.28999999999996,46.299999999999955,13.0
651,-122.1299999999999,-122.11999999999989,46.28999999999996,46.299999999999955,4.0
652,-122.11999999999989,-122.10999999999989,46.28999999999996,46.299999999999955,3.0
653,-122.10999999999989,-122.09999999999988,46.28999999999996,46.299999999999955,0.0
654,-122.09999999999988,-122.08999999999988,46.28999999999996,46.299999999999955,0.0
655,-122.08999999999988,-122.07999999999987,46.28999999999996,46.299999999999955,0.0
656,-122.07999999999987,-122.06999999999987,46.28999999999996,46.299999999999955,0.0
657,-122.06999999999987,-122.05999999999986,46.28999999999996,46.299999999999955,0.0
658,-122.05999999999986,-122.04999999999986,46.28999999999996,46.299999999999955,0.0
659,-122.04999999999986,-122.03999999999985,46.28999999999996,46.299999999999955,0.0
660,-122.34,-122.33,46.299999999999955,46.30999999999995,0.0
661,-122.33,-122.32,46.299999999999955,46.30999999999995,0.0
662,-122.32,-122.30999999999999,46.299999999999955,46.30999999999995,0.0
663,-122.30999999999999,-122.29999999999998,46.299999999999955,46.30999999999995,0.0
664,-122.29999999999998,-122.28999999999998,46.299999999999955,46.30999999999995,118.0
665,-122.28999999999998,-122.27999999999997,46.299999999999955,46.30999999999995,194.0
666,-122.27999999999997,-122.26999999999997,46.299999999999955,46.30999999999995,330.0
667,-122.26999999999997,-122.25999999999996,46.299999999999955,46.30999999999995,141.0
668,-122.25999999999996,-122.24999999999996,46.299999999999955,46.30999999999995,78.0
669,-122.24999999999996,-122.23999999999995,46.299999999999955,46.30999999999995,47.0
670,-122.23999999999995,-122.22999999999995,46.299999999999955,46.30999999999995,29.0
671,-122.22999999999995,-122.21999999999994,46.299999999999955,46.30999999999995,18.0
672,-122.21999999999994,-122.20999999999994,46.299999999999955,46.30999999999995,13.0
673,-122.20999999999994,-122.19999999999993,46.299999999999955,46.30999999999995,1.0
674,-122.19999999999993,-122.18999999999993,46.299999999999955,46.30999999999995,0.0
675,-122.18999999999993,-122.17999999999992,46.299999999999955,46.30999999999995,0.0
676,-122.17999999999992,-122.16999999999992,46.299999999999955,46.30999999999995,0.0
677,-122.16999999999992,-122.15999999999991,46.299999999999955,46.30999999999995,0.0
678,-122.15999999999991,-122.1499999999999,46.299999999999955,46.30999999999995,0.0
679,-122.1499999999999,-122.1399999999999,46.299999999999955,46.30999999999995,0.0
680,-122.1399999999999,-122.1299999999999,46.299999999999955,46.30999999999995,0.0
681,-122.1299999999999,-122.11999999999989,46.299999999999955,46.30999999999995,0.0
682,-122.11999999999989,-122.10999999999989,46.299999999999955,46.30999999999995,0.0
683,-122.10999999999989,-122.09999999999988,46.299999999999955,46.30999999999995,0.0
684,-122.09999999999988,-122.08999999999988,46.299999999999955,46.30999999999995,0.0
685,-122.08999999999988,-122.07999999999987,46.299999999999955,46.30999999999995,0.0
686,-122.07999999999987,-122.06999999999987,46.299999999999955,46.30999999999995,0.0
687,-122.06999999999987,-122.05999999999986,46.299999999999955,46.30999999999995,0.0
688,-122.05999999999986,-122.04999999999986,46.299999999999955,46.30999999999995,0.0
689,-122.04999999999986,-122.03999999999985,46.299999999999955,46.30999999999995,0.0
690,-122.34,-122.33,46.30999999999995,46.31999999999995,0.0
691,-122.33,-122.32,46.30999999999995,46.31999999999995,0.0
692,-122.32,-122.30999999999999,46.30999999999995,46.31999999999995,0.0
693,-122.30999999999999,-122.29999999999998,46.30999999999995,46.31999999999995,0.0
694,-122.29999999999998,-122.28999999999998,46.30999999999995,46.31999999999995,0.0
695,-122.28999999999998,-122.27999999999997,46.30999999999995,46.31999999999995,48.0
696,-122.27999999999997,-122.26999999999997,46.30999999999995,46.31999999999995,10.0
697,-122.26999999999997,-122.25999999999996,46.30999999999995,46.31999999999995,0.0
698,-122.25999999999996,-122.24999999999996,46.30999999999995,46.31999999999995,0.0
699,-122.24999999999996,-122.23999999999995,46.30999999999995,46.31999999999995,0.0
700,-122.23999999999995,-122.22999999999995,46.30999999999995,46.31999999999995,0.0
701,-122.22999999999995,-122.21999999999994,46.30999999999995,46.31999999999995,0.0
702,-122.21999999999994,-122.20999999999994,46.30999999999995,46.31999999999995,0.0
703,-122.20999999999994,-122.19999999999993,46.30999999999995,46.31999999999995,0.0
704,-122.19999999999993,-122.18999999999993,46.30999999999995,46.31999999999995,0.0
705,-122.18999999999993,-122.17999999999992,46.30999999999995,46.31999999999995,0.0
706,-122.17999999999992,-122.16999999999992,46.30999999999995,46.31999999999995,0.0
707,-122.16999999999992,-122.15999999999991,46.30999999999995,46.31999999999995,0.0
708,-122.15999999999991,-122.1499999999999,46.30999999999995,46.31999999999995,0.0
709,-122.1499999999999,-122.1399999999999,46.30999999999995,46.31999999999995,0.0
710,-122.1399999999999,-122.1299999999999,46.30999999999995,46.31999999999995,0.0
711,-122.1299999999999,-122.11999999999989,46.30999999999995,46.31999999999995,0.0
712,-122.11999999999989,-122.10999999999989,46.30999999999995,46.31999999999995,0.0
713,-122.10999999999989,-122.09999999999988,46.30999999999995,46.31999999999995,0.0
714,-122.09999999999988,-122.08999999999988,46.30999999999995,46.31999999999995,0.0
715,-122.08999999999988,-122.07999999999987,46.30999999999995,46.31999999999995,0.0
716,-122.07999999999987,-122.06999999999987,46.30999999999995,46.31999999999995,0.0
717,-122.06999999999987,-122.05999999999986,46.30999999999995,46.31999999999995,0.0
718,-122.05999999999986,-122.04999999999986,46.30999999999995,46.31999999999995,0.0
719,-122.04999999999986,-122.03999999999985,46.30999999999995,46.31999999999995,0.0
720,-122.34,-122.33,46.31999999999995,46.32,0.0
721,-122.33,-122.32,46.31999999999995,46.32,0.0
722,-122.32,-122.30999999999999,46.31999999999995,46.32,0.0
723,-122.30999999999999,-122.29999999999998,46.31999999999995,46.32,0.0
724,-122.29999999999998,-122.28999999999998,46.31999999999995,46.32,0.0
725,-122.28999999999998,-122.27999999999997,46.31999999999995,46.32,0.0
726,-122.27999999999997,-122.26999999999997,46.31999999999995,46.32,0.0
727,-122.26999999999997,-122.25999999999996,46.31999999999995,46.32,0.0
728,-122.25999999999996,-122.24999999999996,46.31999999999995,46.32,0.0
729,-122.24999999999996,-122.23999999999995,46.31999999999995,46.32,0.0
730,-122.23999999999995,-122.22999999999995,46.31999999999995,46.32,0.0
731,-122.22999999999995,-122.21999999999994,46.31999999999995,46.32,0.0
732,-122.21999999999994,-122.20999999999994,46.31999999999995,46.32,0.0
733,-122.20999999999994,-122.19999999999993,46.31999999999995,46.32,0.0
734,-122.19999999999993,-122.18999999999993,46.31999999999995,46.32,0.0
735,-122.18999999999993,-122.17999999999992,46.31999999999995,46.32,0.0
736,-122.17999999999992,-122.16999999999992,46.31999999999995,46.32,0.0
737,-122.16999999999992,-122.15999999999991,46.31999999999995,46.32,0.0
738,-122.15999999999991,-122.1499999999999,46.31999999999995,46.32,0.0
739,-122.1499999999999,-122.1399999999999,46.31999999999995,46.32,0.0
740,-122.1399999999999,-122.1299999999999,46.31999999999995,46.32,0.0
741,-122.1299999999999,-122.11999999999989,46.31999999999995,46.32,0.0
742,-122.11999999999989,-122.10999999999989,46.31999999999995,46.32,0.0
743,-122.10999999999989,-122.09999999999988,46.31999999999995,46.32,0.0
744,-122.09999999999988,-122.08999999999988,46.31999999999995,46.32,0.0
745,-122.08999999999988,-122.07999999999987,46.31999999999995,46.32,0.0
746,-122.07999999999987,-122.06999999999987,46.31999999999995,46.32,0.0
747,-122.06999999999987,-122.05999999999986,46.31999999999995,46.32,0.0
748,-122.05999999999986,-122.04999999999986,46.31999999999995,46.32,0.0
749,-122.04999999999986,-122.03999999999985,46.31999999999995,46.32,0.0
